Latitude,Longitude,Substation Name,Substation Type,Substation Voltage
30.695377669774615,-88.29460564697169,Big Creek Substation,Transmission,230000
30.531686420644448,-88.55362577759414,Plant Daniel Substation,Transmission,500000
30.995581804293295,-88.03157771103302,Ellicott Substation,Transmission,230000
33.648377065957696,-88.2721070375548,Caledonia 500 kv Switching Yard,Transmission,500000
33.64973042660897,-88.27252665329442,Caledonia Substation,Transmission,500000
33.63060139854332,-87.05560636464261,Miller Substation,Transmission,500000
34.608633740071014,-87.05494024943634,Trinity Substation,Transmission,500000
34.70492885996768,-87.11640654718738,Browns Ferry Substation,Transmission,500000
33.635669755857165,-88.65209225812426,West Point Substation,Transmission,500000
34.37749630592458,-88.8589785137613,Union Substation,Transmission,500000
34.718262832587136,-86.84687805964344,Limestone Substation,Transmission,500000
34.79600667862292,-86.52114032242997,Madison Substation,Transmission,500000
35.67276163385968,-87.01841089885292,Maury Substation,Transmission,500000
33.21986413219487,-87.06300925801128,South Bessemer Substation,Transmission,500000
33.74017653550816,-86.55813648094536,Clay Substation,Transmission,500000
32.651189225192134,-86.73265066650085,Billingsley Substation,Transmission,500000
34.194901551567675,-86.74822642852136,East Cullman Substation,Transmission,500000
32.377865411546225,-86.58362322875264,Autaugaville Substation,Transmission,500000
32.22904737872409,-86.26056605401455,Snowdoun Substation,Transmission,500000
34.71021869255719,-85.92902564475645,Bellefonte Substation,Transmission,500000
31.223357738347516,-85.11616462847249,Farley Substation,Transmission,500000
32.609875278878334,-84.91568673590521,Fortson Substation,Transmission,500000
31.367150110837105,-84.10675206696769,Raccoon Creek Substation,Transmission,500000
35.68031232333246,-91.41250157822923,Independence Substation,Transmission,500000
34.956861962763774,-92.04887550002235,Holland Bottoms Substation,Transmission,500000
35.3120586586687,-93.22741327101278,Arkansas Nuclear One Substation,Transmission,500000
34.633820766605524,-92.41076826016297,Mabelvale Substation,Transmission,500000
35.29979621022583,-94.4309387403962,Fort Smith Substation,Transmission,500000
35.24318160662274,-92.71390441869026,Pleasant Hill Substation,Transmission,500000
31.293079793909982,-81.68059537460871,Thalmann Substation,Transmission,500000
31.934990444290346,-82.3473267487448,Hatch Nuclear Plant Substation,Transmission,500000
33.145746082969495,-81.76278447813908,Vogtle Substation (500KV/230KV),Transmission,500000
32.88471545780476,-82.41619716711709,Wadley Substation,Transmission,500000
33.454511219722065,-82.41463243682281,Thomson Primary Substation,Transmission,500000
32.35416955600418,-81.18202289447007,West McIntosh Substation,Transmission,500000
33.11960996146089,-82.85952057103519,Warthen Substation,Transmission,500000
32.27422654224199,-81.28191220418223,Blandford Substation,Transmission,500000
30.27231704257476,-81.95295399196777,Duval Substation FPL,Transmission,500000
31.478392994905295,-83.54914961441469,North Tifton Substation (500kV),Transmission,500000
32.56490454497207,-83.5995709160838,Bonaire Primary Substation,Transmission,500000
33.06048502711816,-83.81269421149905,Scherer Substation,Transmission,500000
33.482023369539,-84.36740464414056,O'Hara Substation,Transmission,500000
33.63683435887363,-84.12448446103465,Klondike Substation,Transmission,500000
34.21853790216332,-83.80266223812497,South Hall Substation,Transmission,500000
33.932298998670205,-84.21337690564161,Norcross Substation,Transmission,500000
33.35125576052569,-84.90619689791217,Dresden Substation,Transmission,500000
33.55294129646226,-84.50987726535027,Union Substation,Transmission,500000
33.96677706022885,-84.378874710886,Bull Sluice Substation,Transmission,500000
33.99412061656264,-84.56891676260325,Big Shanty Substation,Transmission,500000
34.32660417338298,-84.3370709286317,McGrau Ford Substation,Transmission,500000
34.384386653028656,-84.88246733366046,Mostellar Springs Substation,Transmission,500000
33.74106276784909,-84.85550873390444,Villa Rica Substation,Transmission,500000
33.410858400767076,-85.03089881955795,Wansley Substation,Transmission,500000
34.12154715742596,-84.92232443598942,Bowen Substation,Transmission,500000
34.70308140731115,-84.908160158983,Conasauga Substation,Transmission,500000
36.59444032007575,-87.25301636018465,Montgomery Substation,Transmission,500000
36.79516411807795,-83.75593828727675,Pineville Substation,Transmission,500000
36.78402715396097,-83.04339386737406,Pocket Substation,Transmission,500000
37.148981442031655,-88.77619705098668,Shawnee Station,Transmission,500000
33.64742820505465,-88.31665372123585,Lowndes Substation,Transmission,500000
33.29089837162446,-89.42080848265736,Wolf Creek Substation,Transmission,500000
33.01452852386832,-89.68136361810936,McAdams Substation,Transmission,500000
33.2894377567567,-89.42188345944272,Choctaw Substation,Transmission,500000
35.174423116901814,-89.74545006113755,Cordova Substation,Transmission,500000
37.258282769524655,-89.83563883225912,Lutesville Substation,Transmission,345000
37.94662260855409,-90.45509398736009,St. Francois Substation,Transmission,345000
35.86141387148214,-90.02005493078944,Dell Substation,Transmission,500000
39.31060181716818,-91.53455047940291,Audrain Substation,Transmission,345000
39.836515203153,-91.55137584493558,Palmyra Substation,Transmission,345000
39.83673206042831,-91.59513984903165,Maywood Substation,Transmission,345000
37.951736620975936,-92.02989156679884,Franks Substation,Transmission,345000
38.38510207765935,-91.4936359694865,Bland Substation,Transmission,345000
38.473014459670495,-91.8828563216363,Loose Creek Substation,Transmission,345000
38.97963594190084,-91.98024818592897,McCredie substation,Transmission,345000
39.54439273930999,-92.64096886713452,Thomas Hill 345kV Substation,Transmission,345000
38.924421852380476,-92.57484317464731,Overton 345kV Substation,Transmission,345000
39.16939580375579,-94.16432877428122,Sibley Substation,Transmission,345000
37.489537502295725,-93.62076149309888,Morgan Substation,Transmission,345000
39.33018353542515,-94.5803111390387,Nashua Substation,Transmission,345000
40.006192818884585,-94.3424090001761,Fairport Substation,Transmission,345000
39.84419916153647,-94.79466151870939,St. Joseph Substation,Transmission,345000
35.78210965294742,-78.4521551148762,Wake Substation,Transmission,500000
34.878706681403195,-78.78222477129866,Cumberland Substation,Transmission,500000
35.95038320466862,-78.75008073569565,Durham Substation,Transmission,500000
36.76113075700863,-77.71121136881324,Brunswick Heritage Substation,Transmission,500000
34.84342182716298,-79.74621874671699,Richmond Substation,Transmission,500000
36.52474031067116,-78.88848918454958,Mayo Substation,Transmission,500000
35.87131406753623,-78.93053480568476,Parkwood Substation,Transmission,500000
35.94167988738923,-79.75489087180162,Pleasant Garden Tie Substation,Transmission,500000
36.48116292674998,-79.05106158903996,Person Substation,Transmission,500000
34.997455264379475,-81.12127707481919,Newport Tie Substation,Transmission,500000
35.72367986434865,-80.60065494932982,Woodleaf Switching Station,Transmission,500000
35.42225421978212,-80.94526872957036,McGuire Substation,Transmission,500000
36.17631783736617,-81.0363712750048,Antioch Substation,Transmission,500000
36.87933542248808,-80.82233456594065,Jacksons Ferry Substation,Transmission,765000
34.95433482977414,-82.91549867686913,Jocassee Tie Substation,Transmission,500000
36.59144125189704,-82.69624713196605,Nagel Substation,Transmission,500000
35.33522213959153,-86.1172805292131,Franklin Substation,Transmission,500000
35.22707198689349,-85.09419707348123,Sequoyah Substation,Transmission,500000
35.82826276938617,-86.59839069701937,Rutherford Substation,Transmission,500000
36.205250657775956,-86.46482820897184,Wilson Substation,Transmission,500000
36.04654641006467,-86.60578712647074,Pin Point Substation,Transmission,500000
35.94527989934444,-84.38853525222136,Roane Substation,Transmission,500000
35.60032501910868,-84.78911439427351,Watts Bar Power Station,Transmission,500000
35.041857049109595,-84.95924194575967,Bradley Substation,Transmission,500000
36.019164109643185,-84.1579834213372,Bull Run Substation,Transmission,500000
36.12213390543042,-83.81532113198179,Volunteer Substation,Transmission,500000
36.460729840805115,-82.80823270724444,Phipps Bend Substation,Transmission,500000
36.442340066721755,-82.27955375259583,Sullivan Substation,Transmission,500000
36.781567001315565,-83.04460024315465,Pocket Substation,Transmission,161000
36.06737177894041,-86.98404729777957,Davidson Substation,Transmission,500000
36.0238207118165,-87.98161148133438,Johnsonville 500kV Substation,Transmission,500000
36.392150780789976,-87.65747372114824,Cumberland 500kV Substation,Transmission,500000
36.24474673171792,-88.61150246747377,Gleason Substation,Transmission,500000
36.2752230844263,-88.83406011000929,Weakley Substation,Transmission,500000
35.70298032792538,-88.79071326007134,Jackson Switching Station,Transmission,500000
35.65721478714051,-89.39418681521067,Lagoon Creek Substation,Transmission,500000
34.995743658209584,-90.0488569357431,Freeport Substation,Transmission,500000
35.38638034183999,-89.80307085113705,Shelby Substation,Transmission,500000
35.644713374211506,-89.9701923852534,Driver Substation,Transmission,500000
34.311870117955955,-109.16096975085696,Springerville Substation,Transmission,345000
34.63615954456501,-110.13456359969865,Sugarloaf Substation,Transmission,500000
34.57694554411344,-109.27743298085953,Coronado Substation,Transmission,500000
33.33889744805461,-111.03716503271595,Silverking Substation,Transmission,500000
35.59282967137923,-108.81747305113167,McKinley Substation,Transmission,345000
32.403633887297374,-108.59931880123663,Hidalgo Substation,Transmission,345000
32.54415520156178,-111.28586346471535,Tortolita Substation,Transmission,500000
32.55621727375439,-111.29657878945783,Saguaro Substation,Transmission,500000
33.15056591232789,-111.46865384010968,Abel Substation,Transmission,230000
32.962370559264656,-111.99483561593954,Duke Substation,Transmission,500000
33.70393995664984,-111.93842367598835,Pinnacle Peak Substation,Transmission,500000
35.832630082789784,-111.44659108166229,Moenkopi Substation,Transmission,500000
36.90287774042459,-111.39462159807574,Navajo Generating Station Unit,Transmission,500000
35.79735736606345,-115.00848259706825,Eldorado Substation,Transmission,500000
33.816374091128374,-112.26245213188784,Morgan Substation (TS-9),Transmission,500000
33.70732872455975,-112.32249463621118,Westwing Substation,Transmission,500000
34.40602278398407,-112.10840909883828,Dugas Substation,Transmission,500000
34.75635009743734,-112.22955330017956,Yavapai Substation,Transmission,500000
33.345363751592714,-112.85215001117304,Hassayampa Switch Yard,Transmission,500000
32.97577792666738,-112.69247128573663,Gila River Substation,Transmission,500000
33.230595645233635,-112.62047348906482,Jojoba Switchyard,Transmission,500000
33.410986755728835,-112.31702197213873,Rudd Substation,Transmission,500000
33.38493565652942,-112.85910583063448,Palo Verde Generating Switchyard,Transmission,500000
33.705142347010764,-112.32633704391152,Perkins Substation,Transmission,500000
32.954059019335354,-113.48877677383872,Hoodoo Wash Switchyard,Transmission,500000
33.47741955925691,-113.11350485333331,Harquahala Substation,Transmission,500000
32.74552869145405,-114.49144753720208,North Gila Substation,Transmission,500000
33.57963149469008,-114.81723088530067,Colorado River Substation,Transmission,500000
32.717896179435705,-115.71579744418912,Imperial Valley Substation,Transmission,500000
33.6988489164846,-115.31287449533924,Red Bluff Substation,Transmission,500000
32.80880637428294,-116.68306472924783,Suncrest Substation,Transmission,500000
38.2113645270751,-104.57600587326185,Comanche Substation,Transmission,345000
38.561071179503806,-104.69006834011564,Midway Substation,Transmission,345000
39.494171227083704,-104.90507140804644,Daniels Park Substation,Transmission,345000
32.302733647528136,-107.77899496214651,Luna Substation,Transmission,345000
35.11403547938812,-106.72355990715361,West Mesa Switching Station,Transmission,345000
31.804864402516582,-106.58745106178746,Diablo Substation,Transmission,345000
36.11135958444496,-106.15756004008288,Ojo Substation,Transmission,345000
36.394785441345455,-105.63355910209883,Taos Substation,Transmission,345000
36.80176861923351,-108.4423856297111,San Juan Substation,Transmission,345000
35.76419222522174,-106.10879088647312,Norton Substation,Transmission,345000
31.98408959154284,-106.43489534144693,Newman Substation,Transmission,"345000,115000"
36.797512533751465,-108.47727200602478,Shiprock Substation,Transmission,345000
36.48223973030026,-114.8303352578474,Crystal Substation,Transmission,500000
40.60794838533893,-104.81337357882072,Ault substation,Transmission,345000
40.47228171321681,-107.59177172301283,Craig Substation,Transmission,345000
39.49665942945448,-105.07141883260233,Waterton Substation,Transmission,345000
40.216519157628234,-103.67932614838577,Pawnee Substation,Transmission,230000
39.686113902363694,-104.0208133835394,Missle Site substation,Transmission,345000
40.25460799289951,-103.58736256464667,Story Substation,Transmission,345000
37.91501229217728,-100.9752763325185,Finney Substation,Transmission,345000
38.43852265060631,-107.95249273457901,Montrose Substation,Transmission,345000
37.18440194478697,-108.01580663423582,Hesperus Substation,Transmission,345000
39.046938867851765,-108.41454483002083,Grand Junction Substation,Transmission,345000
37.868259845055285,-109.31586780909682,Pinto Substation,Transmission,345000
39.38325460706415,-111.08570852764898,Huntington Substation,Transmission,345000
41.19132446043537,-103.04877113894236,Sidney Substation,Transmission,345000
33.73973662517635,-117.15642698989575,Valley Substation,Transmission,500000
33.82879303437243,-117.78971471018731,Serrano Substation,Transmission,500000
35.80362387144401,-115.01301348135192,McCullough Substation,Transmission,500000
34.17578218801053,-118.35956447864572,Receiving Station E - Toluca,Transmission,500000
34.281073034266704,-118.47894626660828,Rinaldi Receiving Station,Transmission,500000
34.15083172200331,-118.1843592079502,Eagle Rock Switchyard,Transmission,220000
34.036286827325334,-118.11160270640616,Mesa Substation,Transmission,500000
34.43969293451303,-118.58256885896961,Pardee Substation,Transmission,220000
35.03499057856058,-118.28086502292147,Windhub Substation,Transmission,500000
34.85758145783266,-118.43677708098915,Whirlwind Substation,Transmission,500000
36.141797706281395,-120.12474405568595,Gates Substation,Transmission,500000
35.216259931704734,-120.84724887060997,Diablo Canyon,Transmission,500000
37.2253576224436,-121.7457133485802,Metcalf Substation,Transmission,500000
40.38322853474178,-122.38142881760234,Olinda Substation,Transmission,500000
39.23735587031111,-122.27630178274467,Maxwell Capacitor Station,Transmission,500000
42.71054423080067,-111.59639534849971,Three Mile Knoll Substation,Transmission,345000
46.51594813163201,-112.88700824462884,Garrison Substation,Transmission,500000
46.05109604505153,-108.85164344854242,Broadview Substation,Transmission,500000
47.45604293174374,-115.58945858571938,Taft Substation,Transmission,500000
45.89128130156682,-106.61416365022693,Colstrip Substation,Transmission,500000
47.57544690698798,-114.62896841853154,Hot Springs Substation,Transmission,500000
36.427222602131316,-114.90689763749455,Harry Allen Substation,Transmission,500000
36.38209383297059,-114.92176154654992,Chuck Lenzie Substation,Transmission,500000
37.4134002418149,-113.64612923456323,Red Butte Substation,Transmission,345000
39.45563085048802,-119.71738881622406,Mira Loma Substation,Transmission,345000
39.8240109200389,-111.90415711084643,Mona Substation,Transmission,345000
40.48031055150462,-107.59371694437543,Bears Ears Substation,Transmission,345000
38.844726545407745,-111.99289398766349,Sigurd Substation,Transmission,345000
40.7072685031356,-111.9289302944728,Mid-Valley Substation,Transmission,345000
39.78880950395023,-111.89482107852348,Clover Substation,Transmission,345000
40.564675715374754,-112.02722370546074,Oquirrh Substation,Transmission,138000
40.757333088545195,-112.00662112078251,Terminal substation,Transmission,345000
41.09515547623697,-112.04331782287287,Syracuse Substation,Transmission,345000
34.42335271747258,-92.14432178825562,White Bluff Substation,Transmission,500000
34.5939427090047,-92.21669088715534,Wrightsville Substation,Transmission,500000
34.937035390610326,-92.43852762066247,Mayflower Substation,Transmission,500000
35.11749483173282,-90.18778311054469,West Memphis Substation,Transmission,500000
35.65268837421729,-89.96707795574947,Sans Souci Substation,Transmission,500000
33.2969488242617,-92.58941903514894,Union Power Project Switchyard,Transmission,500000
33.2885503874218,-92.5918435469156,El Dorado Substation,Transmission,500000
32.70412168438795,-92.07466032605613,Sterlington Substation,Transmission,500000
32.57693027592657,-92.68769626190722,Mount Olive Substation,Transmission,500000
33.3367137591562,-93.22458799923886,McNeil Substation,Transmission,500000
29.985826554383316,-90.47858366706313,Waterford 500kV Substation,Transmission,500000
30.782771551112493,-89.90630487673901,Bogalusa Substation,Transmission,500000
31.524619309921764,-90.64406162353075,Franklin Substation,Transmission,500000
30.278626877711485,-91.11257017989695,Willow Glen Substation (500kV),Transmission,500000
30.48761705604873,-90.89637578352132,Coly Substation,Transmission,500000
30.256728109287824,-91.16815165314777,Bayou LaButte Substation,Transmission,500000
30.745225460674625,-91.33106924914138,Fancy Point Substation,Transmission,500000
30.448825741436433,-92.13664029907355,Wells Substation,Transmission,500000
32.28139506037508,-90.92886862670457,Baxter Wilson Substation,Transmission,500000
30.4299309122718,-92.40666511795219,Richard Substation,Transmission,500000
31.98017262625198,-93.18764885050432,Layfield Substation,Transmission,500000
30.26624466007089,-93.7385964205838,Hartburg Substation,Transmission,500000
32.03505109604424,-93.5692392024145,Dolet Hills Substation,Transmission,345000
32.404718673135754,-93.86456831195164,Southwest Shreveport Substation,Transmission,345000
32.381564276164696,-90.21451327192285,Lakeover Substation,Transmission,500000
32.31090680990712,-90.32916980225193,Ray Braswell Substation,Transmission,500000
32.00526518304746,-91.04412403753216,Grand Gulf Substation,Transmission,500000
30.623854203493398,-95.90941633863466,Grimes Substation,Transmission,345000
30.303736703866402,-94.2572856451348,Cypress Substation,Transmission,500000
36.10819119357008,-94.43424993226753,Chambers Springs Substation,Transmission,345000
36.185312202651524,-94.28185722550785,Tontitown Substation,Transmission,345000
36.254119970284044,-94.52760648267663,Flint Creek Substation,Transmission,345000
36.3581873968234,-94.35451447762065,Shipe Road Substation,Transmission,345000
35.81538936502408,-95.54940486108764,Clarksville Substation,Transmission,345000
37.86421094310477,-99.75570974979306,Spearville Substation,Transmission,345000
38.932117789589235,-99.35992513040239,Post Rock Substation,Transmission,230000
38.93379849566781,-99.36255365025401,Post Rock Substation,Transmission,345000
40.54527842195589,-99.12146309494464,Axtell Substation,Transmission,345000
37.29382190741478,-98.46536951372546,Thistle Substation,Transmission,345000
36.31091859938324,-99.36872450654262,Woodward District Substation,Transmission,345000
37.467410804265036,-99.87683265020728,Clark County Substation,Transmission,345000
37.711710947679364,-97.66854094167384,Buffalo Flats Substation,Transmission,345000
38.727880415476406,-97.54087487794652,Summit Substation,Transmission,345000
38.11347241235986,-97.79069612520847,Reno County Substation,Transmission,345000
38.16187964854243,-97.52997013406014,Moundridge Substation,Transmission,138000
37.79262350460626,-97.51949903661186,Wichita 345kV Substation,Transmission,345000
37.33118717100557,-97.67665924921869,Viola Substation,Transmission,345000
38.70538351718274,-97.0404087065107,Union Ridge Substation,Transmission,230000
39.28252110230805,-96.11703088516741,Jeffrey Substation,Transmission,345000
37.589424058826744,-97.10522579822138,Rose Hill Substation,Transmission,345000
37.791059124909125,-97.16896517079068,Benton Substation,Transmission,345000
36.86746717898991,-97.67234115331733,Renfrow Substation,Transmission,345000
38.64609900747622,-96.46292082706539,Morris County Substation,Transmission,345000
37.3048891027816,-97.2127809242278,Sumner County Substation,Transmission,138000
37.084336532525946,-97.13521716364946,Creswell Substation,Transmission,138000
37.407245508887634,-97.20660466211437,Belle Plaine Substation,Transmission,138000
36.8173260388742,-97.1256512384247,Ranch Road Substation,Transmission,345000
37.50017824238953,-96.56116769653958,Latham Substation,Transmission,345000
38.84266184297176,-95.59052267660658,Swissvale Substation,Transmission,345000
38.44283620175436,-96.06370885876106,Lang Substation,Transmission,345000
37.471344058849276,-96.41908866615415,Caney Substation,Transmission,345000
37.549727560902156,-96.54472377915002,Elk River Substation,Transmission,345000
37.304526472631494,-95.11706671747191,Neosho 345kV Substation,Transmission,345000
39.275418891423016,-95.67920876485258,Hoyt Substation,Transmission,345000
39.26190988309818,-95.03232751680976,Stranger Creek Substation,Transmission,345000
38.266171904220215,-95.58781536478826,Waverly Switching Station,Transmission,345000
38.97240621527144,-94.87955317775987,87th Street Substation,Transmission,345000
39.44982598513985,-94.9766206744208,Iatan 345kV Substation,Transmission,345000
38.78328025499931,-94.65343627567768,Stilwell Substation,Transmission,345000
38.348143177287064,-94.64118666533153,La Cygne Substation,Transmission,345000
38.93253507988559,-94.81006950725971,Craig Substation,Transmission,345000
38.78779721641834,-94.98867198386934,West Gardner Substation,Transmission,345000
38.74901754290275,-94.49490619669011,Peculiar 345kV Substation,Transmission,345000
37.332211890914465,-94.60955559245173,Blackberry Substation,Transmission,345000
37.85364540424599,-99.7384330503738,Ironwood,Transmission,345000
37.92631706408052,-100.97189263901926,Holcomb Substation,Transmission,345000
36.49650745708337,-101.39170282506356,Hitchland Substation,Transmission,345000
38.48599586093638,-100.96889260231713,Setab Substation,Transmission,345000
39.30892020624341,-100.92024669652899,Mingo Substation,Transmission,345000
40.30347783673662,-100.71019012735873,Red Willow Substation,Transmission,345000
32.585846348202296,-93.99383830455096,Longwood Substation,Transmission,345000
32.74435488771362,-94.6983019662633,Diana Substation,Transmission,345000
44.531227900399294,-96.1620322749457,Hawks Nest Lake Substation,Transmission,345000
44.47384975404639,-95.67381852818097,Lyon County Substation,Transmission,345000
44.389528137168305,-96.52929121580472,Brookings County Substation,Transmission,345000
39.734799505043796,-94.76138434857275,Eastowne Substation,Transmission,345000
40.405966520917374,-98.35581708861125,Pauline Substation,Transmission,345000
41.05251444567145,-99.28124980203343,Sweetwater Substation,Transmission,345000
40.91148166823056,-98.26236296920729,Grand Island Substation,Transmission,345000
41.0808460408766,-101.1472653332208,Gentleman Substation,Transmission,345000
42.61940315278504,-98.31429285068926,Grand Prairie Substation,Transmission,345000
44.13109856612709,-99.43596886847675,Fort Thompson Substation,Transmission,345000
40.72161512051035,-97.6195767291649,McCool Substation,Transmission,345000
40.56358118520163,-96.78857395053734,Moore Substation,Transmission,345000
42.07796096042975,-97.35441906821315,Hoskins Substation,Transmission,345000
42.329423829745494,-96.36538619221008,Raun Substation,Transmission,345000
41.42540187374797,-97.28039147025511,Columbus East Substation,Transmission,345000
40.83027628338268,-96.81263906178116,Northwest 68th & West Holdrege,Transmission,345000
40.840132567406485,-96.54729586020487,Wagener Substation,Transmission,345000
40.71328265314412,-96.58293969961257,103rd & Rokeby Substation,Transmission,345000
40.61847611614021,-95.78068779994774,Nebraska City Substation,Transmission,345000
41.5187322685435,-96.08103705552551,Fort Calhoun Substation,Transmission,345000
41.279365210060334,-96.07998743728122,OPPD Blondo Street Substation,Transmission,345000
41.15801065752066,-101.65647611695098,Keystone Substation,Transmission,345000
34.18124573176287,-102.57089407538304,Tolk Substation,Transmission,345000
32.73181018931375,-103.3116915449406,Hobbs Substation,Transmission,345000
32.03636458080561,-102.25205923442267,Gardendale Substation,Transmission,345000
47.07600523672372,-101.19931822541331,Center 345kV Switchyard,Transmission,345000
47.90617148347277,-97.1133207805286,Prairie 345kV Substation,Transmission,345000
47.22863070630423,-101.80252460099261,Coyote Substation,Transmission,345000
47.2823997216993,-101.3153437831279,Leland Olds 345 kV Substation,Transmission,345000
45.37387713047166,-98.10215346807225,Groton Substation,Transmission,345000
47.37069635393309,-101.84227841434623,Antelope Valley Substation,Transmission,345000
44.473665902204814,-98.39261736672086,Broadland Substation,Transmission,345000
47.34192933588669,-103.15948350574544,Charlie Creek,Transmission,345000
46.842200016396056,-103.07014962055507,Belfield Substation,Transmission,345000
33.987514505518945,-95.05105850390423,Valliant Substation,Transmission,345000
34.01907410153633,-95.31245754684845,Hugo Substation,Transmission,345000
34.692655607230684,-95.9222554422727,Kiowa Switch,Transmission,345000
34.185581137820364,-97.2413072864342,Sunnyside Substation,Transmission,345000
35.71673256920097,-95.46804536326555,Pecan Creek Substation,Transmission,345000
34.683801610247926,-95.93211507918254,Kiamichi Station,Transmission,345000
33.632494400868886,-96.3576621159104,Kiowa Switching Station,Transmission,345000
34.96597273373913,-96.7319684862751,Seminole substation,Transmission,345000
36.01140106531628,-95.70281006757614,Oneta Substation,Transmission,345000
36.054548462383224,-96.07032858144986,Sapulpa Road Substation,Transmission,345000
36.159851357992245,-96.22382069942492,Wekiwa Substation,Transmission,345000
36.28253585333326,-95.98100756034793,Tulsa North (345kV),Transmission,345000
36.36199589947758,-96.47374044583248,Cleveland (GRDA) substation,Transmission,345000
36.44717756849179,-97.05711549507627,Sooner Substation,Transmission,345000
35.33157347419102,-97.32910879077475,Draper Lake Substation,Transmission,345000
35.690211025832724,-97.31584164233645,Arcadia Substation,Transmission,345000
35.510983718500725,-97.79203990662701,Cimarron Substation,Transmission,345000
35.6363853318226,-97.64547106978874,Northwest Substation,Transmission,345000
36.330717213884945,-97.78974899494425,Woodring Substation,Transmission,345000
34.603686349441084,-98.31455642287018,Lawton Eastside,Transmission,345000
35.30055935246349,-98.0268923509864,Minco Substation,Transmission,345000
35.72791262449288,-97.79244147437878,Matthewson substation,Transmission,345000
35.93226058289172,-98.75388113141616,Tatonga Substation,Transmission,345000
36.57481956403582,-97.68292601473158,Hunter Substation,Transmission,345000
34.08597479481973,-99.18064603885622,Oklaunion North Substation,Transmission,345000
36.52551696688692,-100.94998046439859,Beaver County Substation,Transmission,345000
36.520759501858834,-100.86521510021011,Balko Wind Substation,Transmission,345000
44.3867165317816,-96.5368494241003,White Substation,Transmission,345000
44.580940120101175,-96.57485584906064,Astoria Switching Station,Transmission,345000
43.60024519966026,-96.6318702438489,Split Rock Substation,Transmission,345000
44.88360935643892,-97.04112028087359,Watertown Substation #2,Transmission,345000
45.20698786579197,-97.02825059325212,Twin Brooks Switching Station,Transmission,345000
45.28117263752271,-96.50694083343389,Big Stone South Substation,Transmission,345000
46.007845289986804,-98.57019031180451,Ellendale Substation,Transmission,345000
32.77307044562597,-94.3920999373804,Jefferson Switching Station,Transmission,138000
32.5386956164723,-94.39654212423564,Marshall Substation,Transmission,138000
32.257017562566254,-94.57465019537399,Martin Lake Substation,Transmission,345000
32.41985714298991,-95.25357469307168,Shamburger Substation,Transmission,345000
32.46363308890301,-94.47859563921338,Pirkey Substation,Transmission,345000
31.364135048794406,-95.39553325664215,Crockett Substation,Transmission,345000
32.01771752947664,-94.62123303424674,Tenaska Gateway Station,Transmission,345000
35.62022695112855,-100.54135655010131,Miami Wind Substation,Transmission,345000
35.40728216464633,-100.81993060167235,Gray Substation,Transmission,345000
34.373393666557625,-100.08684145294421,Tesla Substation,Transmission,345000
35.16384460163636,-100.94015155018569,Salt Fork Wind Substation,Transmission,345000
35.25495881568038,-101.35964492456176,Alibates Substation,Transmission,345000
35.4022323048916,-101.15383710050693,Railhead Substation,Transmission,345000
34.059034860308884,-101.1794575503943,White River Substation,Transmission,345000
33.77829931112906,-100.87653745098613,Cottonwood Substation,Transmission,345000
34.43222756757146,-101.35958697948631,Tule Canyon Substation,Transmission,345000
35.31350915962045,-102.05018604994079,AJ Swope Substation,Transmission,345000
35.414779901167435,-101.25634360011405,Pattern Panhandle Wind 1 Substation,Transmission,345000
35.443028302126194,-101.37284415025862,Pattern Panhandle Wind 2 Substation,Transmission,345000
35.310278665429934,-101.92290985215602,Potter County Interchange,Transmission,345000
33.86919703889702,-101.84369208784099,TUCO Interchange,Transmission,345000
34.51973651051781,-102.03868650200904,Ogallala Substation,Transmission,345000
34.7733778058479,-102.30454970101295,Windmill Substation,Transmission,345000
34.77294211778746,-102.29813426488707,Hereford Wind Substation,Transmission,345000
35.29198831277656,-102.58259189990355,Spinning Spur 2 Substation,Transmission,345000
35.297182452592025,-102.71027817657462,Spinning Spur 3 Substation,Transmission,345000
41.5127239354405,-120.63445912752263,Hilltop Substation,Transmission,345000
46.52846207351406,-116.36752040158218,Dworshak Substation,Transmission,500000
46.469154026805086,-116.91079839425777,Hatwai Substation,Transmission,500000
44.05087484466421,-123.23181843743617,Lane Substation,Transmission,500000
45.606390877818534,-121.11532940537235,Big Eddy Substation,Transmission,230000
45.60368728308112,-121.10805556577955,Big Eddy Substation,Transmission,500000
45.360721801666315,-122.40804162696112,Ostrander Substation,Transmission,500000
44.22616109137002,-120.9327999943445,Ponderosa Substation,Transmission,500000
43.01396373822589,-120.95589910500668,Summer Lake Substation,Transmission,500000
42.1739551724489,-121.81351776414225,Klamath Substation,Transmission,500000
39.63088448009508,-104.71494074877504,Smoky Hill Substation,Transmission,230000
40.008496292981675,-107.9803155224426,Meeker Substation,Transmission,345000
39.9499472522575,-108.33099229676344,Mcbryde Substation,Transmission,345000
41.12803523413073,-73.42876311065862,Norwalk Substation,Transmission,345000
41.620603373105524,-73.44224371415818,Long Mountain Substation,Transmission,345000
41.391656076506806,-73.40219970967934,Plumtree Substation,Transmission,345000
41.61247458479877,-73.06058634664046,Frost Bridge Substation,Transmission,345000
42.46869110134997,-73.09360048015722,Berkshire Substation,Transmission,345000
41.086668893458395,-74.14609120130116,South Mahwah,Transmission,345000
41.017335883386686,-74.12543222004537,Waldwick Substation,Transmission,345000
40.74806526583937,-74.0704174703892,Hudson 345 kV Substation,Transmission,345000
40.76314273343424,-73.9431029264677,Rainey Substation,Transmission,345000
40.70487977381662,-73.98452611119427,Farragut Substation,Transmission,345000
40.766003534016626,-73.99588408338276,West 49th Street Substation,Transmission,345000
40.842514848148525,-73.86374493697717,Tremont Substation,Transmission,345000
40.66208949703575,-74.00230898244148,Gowanus Substation,Transmission,345000
43.63385254275372,-73.05769378020354,West Rutland Substation,Transmission,345000
44.11913615843013,-73.16546606461515,New Haven Substation,Transmission,345000
41.89119532383836,-72.75816031542233,North Bloomfield Substation,Transmission,345000
42.09056112230934,-72.63498189582965,Agawam Substation,Transmission,345000
41.5885867663518,-72.86618598538317,Southington Substation,Transmission,345000
41.48909107742448,-72.75492974128974,Beseck Substation,Transmission,345000
41.51046504892708,-72.56973284676091,Scovill Rock Substation,Transmission,345000
41.287849110217685,-72.90439732635117,East Shore Substation,Transmission,345000
41.22772570155247,-73.09840830608437,East Devon Substation,Transmission,345000
41.8544428535928,-72.52861220686958,Barbour Hill Substation,Transmission,345000
41.77014904988993,-72.55739995657032,Manchester Substation,Transmission,345000
42.194963913386005,-72.44666548337352,Ludlow Substation,Transmission,345000
41.31463459864793,-72.16546173714363,Millstone Substation,Transmission,345000
41.55415835390341,-72.59689401171909,Kleen Substation,Transmission,345000
41.70196705517247,-72.23505582164627,Card Substation,Transmission,345000
41.488284552505064,-72.49270439540628,Haddam Neck Substation 14B,Transmission,345000
41.42873849381065,-72.10441614930446,Montville Substation,Transmission,345000
41.461094710023325,-72.47719516694976,Haddam Substation,Transmission,115000
41.8748118342527,-71.89594260355419,Lake Road Substation,Transmission,345000
41.881292939187084,-71.89127928820005,Killingly Substation,Transmission,345000
42.010205048893425,-71.67363625017545,Sherman Road Substation,Transmission,345000
43.16759490551255,-70.81782455508518,Elliot Substation,Transmission,345000
43.14186312937062,-71.18482748915453,Deerfield Substation,Transmission,345000
43.09823516643048,-70.79234543784845,Newington 345kV Substation,Transmission,345000
43.66324711320341,-70.55337889170308,Buxton Substation,Transmission,345000
42.90455229133992,-71.34235617608276,Scobie Pond 345kV Substation,Transmission,345000
43.64439624085001,-70.43234280519458,South Gorham Substation,Transmission,345000
43.93188225729492,-70.20303207595207,Surowiec Substation,Transmission,345000
44.14109514398281,-70.18583477362883,Larrabee Road Substation,Transmission,345000
43.78154485509346,-70.20331114477958,Raven Farm Substation,Transmission,345000
43.953537743796446,-69.69548829004704,Maine Yankee 345kV Substation,Transmission,345000
43.75155008862601,-70.15670413446252,Yarmouth 4 Substation,Transmission,345000
44.296883265923675,-69.55641218040951,Coopers Mills Road Substation,Transmission,345000
44.574021718248325,-69.50913517406235,Albion Road Substation,Transmission,345000
44.74026558777178,-68.75404539129337,Orrington Substation,Transmission,345000
43.99106669835307,-69.67141750642222,Mason Substation,Transmission,345000
44.73840364106282,-68.75229075731498,Orrington Substation,Transmission,345000
45.39724822982473,-68.52926552822863,Keene Road 345kV Substation,Transmission,345000
45.397373460182244,-68.52578330261132,Chester Static VAR Compensator,Transmission,345000
41.68563816562379,-70.35042817668733,West Barnstable Substation,Transmission,345000
41.90684867608679,-70.62921883111667,Jordan Tap,Transmission,345000
41.76911498893788,-70.51066691005639,Canal Substation,Transmission,345000
41.88217931260562,-70.65619707429784,Snake Hill Road Tap,Transmission,345000
42.07812202581351,-70.97398363713565,Auburn Street Substation,Transmission,345000
41.8979776603757,-70.78852045689277,Carver Substation,Transmission,345000
41.971810186395835,-71.01705708005449,Bridgewater Substation,Transmission,345000
42.13925174191922,-71.44856629617388,Medway Substation No. 446,Transmission,345000
42.13130192140184,-71.26823144695189,West Walpole Substation,Transmission,345000
42.01997220734402,-71.33536254998836,Berry Street Substation,Transmission,345000
41.71381705037856,-71.19098638159917,Brayton Point 345kV Substation,Transmission,345000
41.96965400568029,-71.5389981939458,West Farnum #17 Substation,Transmission,345000
42.10924542744699,-71.45180443594873,ANP Bellingham Substation,Transmission,345000
42.35303249182606,-71.05990712983773,Kingston Street Substation,Transmission,345000
42.33966373169193,-71.0385797071865,K Street Substation,Transmission,345000
42.39128078403342,-71.1432356306631,North Cambridge Substation,Transmission,345000
42.46208695536413,-71.15424636012143,Woburn Substation,Transmission,345000
42.167166965193324,-70.9984491175471,Holbrook Substation,Transmission,345000
42.14159003436511,-71.10092508642137,Stoughton Substation,Transmission,345000
42.44517841712866,-71.2663773367646,Lexington Substation,Transmission,345000
42.47177769201553,-71.04549717723927,Golden Hills Substation,Transmission,345000
42.27352106408359,-71.12058702439359,Hyde Park Substation,Transmission,345000
42.505213426189066,-71.04164610274584,Wakefield Junction Substation,Transmission,345000
42.62298597218875,-71.242431089138,Tewksbury Substation No. 22A,Transmission,345000
42.56839102025195,-71.53037122647378,Sandy Pond Substation,Transmission,345000
42.74432127117919,-71.11367222293511,Ward Hill Substation,Transmission,345000
42.832932774494374,-70.97244667967851,West Amesbury Substation,Transmission,345000
42.36034031499945,-71.77608513680984,Wachusett Substation,Transmission,345000
42.187969243562975,-71.73746935012284,Millbury Substation No. 3,Transmission,345000
42.12882639575266,-71.99707237368573,Carpenter Hill Substation,Transmission,345000
42.05950929978027,-71.51373760533309,ANP Blackstone Substation,Transmission,345000
42.091785013723175,-71.48369721489247,NEA Bellingham Substation,Transmission,345000
42.79149453222211,-71.37686965637779,Lawrence Road Substation,Transmission,345000
42.197971970804055,-72.50833301831082,Stony Brook Substation,Transmission,345000
42.611055795968625,-72.4684516644016,Northfield Substation,Transmission,345000
42.78322220700687,-72.51914263748236,Vernon VT Substation,Transmission,345000
42.83133282407631,-71.48355381604922,Eagle Substation,Transmission,345000
42.790717835145216,-71.37772903438268,Lawrence Road Substation,Transmission,345000
42.80896492330784,-71.59279506179067,Amherst Substation,Transmission,345000
42.94989072370735,-70.8688989219557,Timber Swamp Substation,Transmission,345000
42.80027373583071,-72.14815451465688,Fitzwilliam Substation,Transmission,345000
42.009775650536646,-71.6695277073775,Ocean State Substation,Transmission,345000
41.68320531773132,-71.47944604288793,Kent County Substation,Transmission,345000
42.780137224602,-72.51593654468913,Vermont Yankee Substation,Transmission,345000
42.96819545292766,-72.65233285030318,Newfane Substation,Transmission,345000
43.429136007201365,-72.66015379461786,Coolodge Substation,Transmission,345000
39.608202078654564,-75.62636774823066,Red Lion Substation,Transmission,500000
39.63319199800627,-75.73047913478742,Keeney Substation,Transmission,500000
39.4681328047353,-75.53396630679669,Hope Creek Substation,Transmission,500000
41.726855438856774,-90.30628898594499,Quad Cities Substation,Transmission,345000
42.34242275666001,-89.19278346608861,Wempletown Substation,Transmission,345000
42.29401316129434,-88.96929017079358,East Rockford Substation,Transmission,138000
42.21637091449454,-88.97530194751468,Cherry Valley Substation,Transmission,345000
42.07391948693308,-89.28659723959291,Byron Station,Transmission,345000
42.97702781860693,-89.04261213738697,Rockdale Substation,Transmission,345000
42.317228500912435,-89.0877713498258,Roscoe Bert Substation,Transmission,138000
41.39019431558471,-88.27495173267,Dresden Station,Transmission,345000
42.25733951445624,-88.43944369179451,Pleasant Valley Substation,Transmission,345000
42.2550267317395,-88.30224177223656,Crystal Lake Substation,Transmission,138000
42.254748277579885,-88.2518354882693,Silver Lake Substation,Transmission,345000
42.313488571299864,-87.97579435088072,Libertyville Substation,Transmission,345000
42.06372459228688,-88.2401373143782,ComEd Tollway 138kV-345kV Substation,Transmission,345000
41.70740765796327,-88.23256847096039,Wolfs Crossing Substation,Transmission,345000
41.7977831733412,-88.23342102627926,Electric Junction Substation,Transmission,345000
41.982855535320326,-88.24056058087172,ComEd Wayne 138kV-345kV Substation,Transmission,345000
41.89583826300054,-88.04666523862613,ComEd Lombard Substation,Transmission,345000
41.685871562969766,-88.47605941883911,Plano Substation,Transmission,345000
41.84465735037769,-88.25545980085155,Fermilab Master Substation,Transmission,345000
41.823282354262226,-88.25974266241232,Fermilab Kautz Road Substation,Transmission,345000
41.438944600334835,-88.11542853135423,Elwood Substation,Transmission,345000
41.68318888955913,-88.47935718578668,Plano Substation,Transmission,765000
41.35320447865131,-88.34712336796903,Collins Substation,Transmission,765000
41.397798841229665,-87.95258721363038,ComEd Wilton Center 765kV Substation,Transmission,765000
41.21002969611024,-87.91091841521204,ComEd Davis Creek Substation,Transmission,345000
41.24441616132781,-88.66518460615168,LaSalle Substation,Transmission,345000
41.49440645958303,-87.82514278880285,ComEd East Frankfort Substation,Transmission,345000
41.624934860675225,-87.93256693170147,Goodings Grove Substation,Transmission,345000
41.399659345167514,-87.94908639511347,ComEd Wilton Center 345kV Substation,Transmission,345000
42.5384194898756,-87.90821809653578,Pleasant Prairie Substation,Transmission,345000
42.11546501710611,-87.92031863311291,ComEd Prospect Heights 138kV-345kV Substation,Transmission,345000
42.44712816155477,-87.80537616085526,Zion Substation,Transmission,345000
43.00885941428192,-88.17332978854097,Arcadian Substation,Transmission,345000
42.27856720043787,-87.86663104932973,Lake Bluff Substation,Transmission,138000
42.05044514252888,-87.75651976391438,ComEd Skokie 345kV Substation,Transmission,345000
42.08186964311005,-87.76514443401133,ComEd Elmwood Substation,Transmission,138000
42.12648698829899,-87.78556762690084,ComEd Northbrook 138kV-345kV Substation,Transmission,345000
42.05595651140893,-87.83269228028733,ComEd Golf Mill 138kV-345kV Substation,Transmission,345000
42.05021038366627,-87.8963221280885,ComEd Des Plaines 138kV-345kV Substation,Transmission,345000
41.980278576602636,-87.99579818277215,ComEd Itasca 138kV-345kV Substation,Transmission,345000
41.94698614025314,-88.03242648385361,Nordic Substation,Transmission,138000
41.92875022908254,-88.07962396772666,Glendale Heights Substation,Transmission,138000
41.802208121975056,-87.8232010683888,ComEd McCook 138kV-345kV Substation,Transmission,345000
41.63040663313715,-88.09519323641742,ComEd Lockport 345kV Substation,Transmission,345000
41.760994760851176,-87.76503961116032,ComEd Bedford 138kV-345kV Substation,Transmission,345000
41.75304179736125,-87.79314775193197,Sayre Substation,Transmission,138000
41.64303658224897,-87.85308702928141,Orland Substation,Transmission,138000
41.85998061631358,-88.0433049564545,Glen Ellyn Substation,Transmission,138000
41.89451542924027,-88.04351256617271,ComEd Lombard Substation,Transmission,138000
41.79980357057887,-88.05875567392278,Lisle Substation,Transmission,345000
41.63820939870707,-88.09483007521395,Romeoville Substation,Transmission,138000
41.83330915048844,-88.04592600051505,Butterfield Substation,Transmission,138000
41.922991339235345,-87.92267746859498,Elmhurst Substation,Transmission,345000
41.81134859585302,-87.78522063405269,Ridgeland Substation,Transmission,138000
41.522804017183965,-86.36093337363059,Dumont Substation,Transmission,765000
41.60073855518014,-87.8187887788818,Tinley Park Substation,Transmission,138000
41.43106810978673,-87.61913243869974,Crete Substation,Transmission,138000
41.636836857775094,-87.66687925552021,ComEd Blue Island 138kV-345kV Substation,Transmission,138000
41.569657900600205,-87.5676655505625,Lansing Substation,Transmission,138000
41.60206509114657,-87.54880126676575,Green Lake Substation,Transmission,138000
41.44205474401657,-87.75125436237103,University Park North EC Substation,Transmission,345000
41.715288413021774,-87.54600745938747,Calumet Substation,Transmission,345000
41.545697513462784,-87.51589799011097,Munster Substation,Transmission,345000
41.53391725388504,-87.10207488185308,Babcock Substation,Transmission,345000
41.560338340194605,-87.46503933552773,Highland Substation,Transmission,345000
41.62262442660023,-87.4299065016187,Gary-Chicago Airport Substation,Transmission,345000
41.537924490320464,-87.28274524438311,Lake George Substation,Transmission,345000
41.7062403766384,-86.48380084890111,Olive Substation,Transmission,345000
40.77131569816584,-86.86764680370415,Reynolds Substation,Transmission,765000
40.983459536751624,-85.34122595516457,Sorenson Substation,Transmission,765000
41.063867554043625,-85.467270987118,Meridian,Transmission,345000
41.66879026435874,-86.13650538694036,Twin Branch Substation,Transmission,345000
41.62291489586108,-86.25579777729894,Jackson Road,Transmission,345000
40.47401427133294,-85.91515539354586,Greentown Substation,Transmission,765000
41.70649951000958,-85.86299951829699,East Elkhart Substation,Transmission,345000
40.332857513902006,-83.43073080249884,Marysville Substation,Transmission,765000
41.01430266342804,-84.9772697048744,Allen IM Substation,Transmission,345000
40.2367626574749,-85.3057246345947,Desoto Substation,Transmission,345000
41.17174741955098,-85.09592871821242,Robison Park Substation,Transmission,345000
39.99186104344877,-85.59318909583025,Fall Creek Substation,Transmission,345000
40.928411020377176,-84.73924593861292,R.P. Mone Substation,Transmission,345000
38.74584374888566,-85.03514642733418,Ghent Station,Transmission,345000
39.26683263493432,-85.21904439120668,Batesville,Transmission,345000
37.636734986605035,-84.62629539999465,West Garrard Substation,Transmission,345000
38.477726926828836,-82.39503633197921,North Proctorville Substation,Transmission,765000
38.173134410749874,-82.61911020738127,Big Sandy Substation,Transmission,138000
38.560504202481845,-76.688722636382,Chalk Point Switching Station,Transmission,500000
39.0457666584331,-76.67635740069525,Waugh Chapel Substation,Transmission,500000
39.68694517761463,-76.54050674604942,Constatone Substation,Transmission,500000
39.86792387583967,-77.1679007952133,Hunterstown Substation,Transmission,500000
39.75310569214926,-76.26721091793411,Peach Bottom South Substation,Transmission,500000
38.7001858189467,-76.82781177253217,Cheltenham Substation,Transmission,500000
38.738265260964646,-76.8710191586055,Burches Hill Substation,Transmission,500000
38.551743643386,-77.27815322661358,Possum Point Substation,Transmission,500000
39.18545406284804,-77.03652063218203,Brighton Substation,Transmission,500000
39.29629586166323,-77.51532390602875,Doubs Substation,Transmission,500000
39.5156450051887,-77.9174710553066,Bedington Substation,Transmission,500000
39.0754768199622,-77.53151570062302,Goose Creek Substation,Transmission,500000
39.49934606996369,-78.91634256731203,Black Oak Substation,Transmission,500000
42.2658345299971,-85.7679821306148,Weeds Lake Substation,Transmission,345000
42.1892769056241,-86.3344114977547,Benton Harbor Substation,Transmission,345000
39.4634296515657,-75.53258683830776,Salem Substation,Transmission,500000
39.58620819675626,-75.24745252821576,Orchard Switching Station,Transmission,500000
39.74150416472413,-74.96292669410484,New Freedom Switching Station,Transmission,500000
40.991568502442,-74.63534575025876,Hopatcong Switching Station,Transmission,500000
40.5445002562843,-74.74308369790884,Branchburg Switching Station,Transmission,500000
40.81987343312045,-74.33078769288832,Roseland Substation,Transmission,500000
41.49761368790335,-75.61008473623647,Lackawanna Substation,Transmission,500000
40.27831530123117,-75.32633546996217,Elroy Substation PECO,Transmission,500000
40.48187807444498,-75.58309437156733,Alburtis Substation,Transmission,500000
40.40552596611201,-74.48520973488336,Deans Switching Station,Transmission,500000
40.24054228537874,-74.51841072199916,East Windsor Substation,Transmission,500000
40.20143873635829,-74.36048105419601,Smithburg Substation,Transmission,500000
40.64454859498852,-74.20614704678641,Bayway Substation,Transmission,345000
40.694104137461096,-74.10560362710261,Bayonne Switching Station,Transmission,345000
40.669416720024294,-74.17458715370914,North Ave Substation,Transmission,345000
40.62399416478452,-74.21112803477254,Linden 345kv Substation,Transmission,345000
40.58944615744976,-74.19659076575928,Fresh Kills Substation,Transmission,345000
36.7104174914341,-76.5804289861377,Suffolk Substation,Transmission,500000
36.6900358279405,-76.18986331514759,Fentress Substation,Transmission,500000
39.88783363984736,-82.56862529383282,West Millersport Substation,Transmission,345000
39.99142842474659,-82.64812670408232,Kirk Substation,Transmission,345000
39.87133765151558,-82.89988473300794,Bixby Substation,Transmission,345000
40.096009861735006,-82.7480186572143,Jug Street Substation,Transmission,345000
40.07491810325359,-82.74439038750737,Babbitt,Transmission,138000
40.69432832428182,-82.79974102932478,Galion Substation,Transmission,345000
41.37464413976709,-82.72986732180426,Hayes Substation,Transmission,345000
41.59705077801655,-83.08954347492353,Davis-Besse Substation,Transmission,345000
41.43155242249531,-81.65994698888402,Harding Substation,Transmission,345000
41.36137676228169,-81.57116337151655,Juniper Substation,Transmission,345000
41.16895952240565,-81.88289150280461,North Medina Substation,Transmission,345000
41.41085455081861,-82.12619312906443,Lake Avenue Substation,Transmission,345000
40.720798485523225,-81.54069033954036,Harmon Substation,Transmission,345000
40.096625503222754,-82.01861785295476,Ohio Central Substation,Transmission,345000
38.975826797165006,-81.94210855990177,Mountaineer Substation,Transmission,765000
38.9617684005522,-81.92963615293581,Sporn Substation,Transmission,345000
41.30356474837141,-81.47419506331107,Chamberlin Substation,Transmission,345000
41.119755874495276,-81.22702979183289,Hanna Substation,Transmission,345000
40.7733719347485,-81.32913652504322,South East Canton Substation,Transmission,345000
41.17763045807765,-80.82436349613866,Highland Substation,Transmission,345000
40.25324633863123,-80.65053290508715,Tidd Substation,Transmission,345000
40.742919638195,-81.33777530829757,Faircrest Substation,Transmission,345000
41.13526549218485,-80.44809041727528,Shenango Substation,Transmission,345000
40.45407799275271,-80.56983078137917,Wylie Ridge Substation,Transmission,500000
40.40442005152562,-80.1215300921239,Collier Substation,Transmission,345000
40.022401497483614,-80.80628997030705,West Bellaire Substation,Transmission,345000
38.74163399547007,-85.4382930043483,Jefferson Substation,Transmission,765000
39.56013531134558,-83.1763229432551,Atlanta Substation,Transmission,345000
38.63947351534979,-83.6925193462032,Stuart Substation,Transmission,345000
39.39681533716164,-83.10029660617128,Biers Run Station,Transmission,345000
40.061909710770465,-83.19319136298488,Hayden Substation,Transmission,345000
40.10200920312279,-83.19608661096424,Kileville Substation,Transmission,138000
40.01016947505937,-83.11601941401513,Roberts Substation,Transmission,345000
39.86187420847093,-83.1184351868523,Beatty Substation,Transmission,345000
40.12406587032525,-82.84508414489598,Corridor Substation,Transmission,345000
40.22884615141646,-82.85262093086544,Vassell Substation,Transmission,345000
40.182149372337534,-83.0114163396202,Maliszewski Substation,Transmission,765000
40.21083998943385,-83.0920790758632,Hyatt Substation,Transmission,345000
39.70862420966795,-84.00154348668484,Greene Substation,Transmission,345000
40.2306885591315,-82.84655004312971,Vassell Substation,Transmission,765000
40.259265834664546,-83.08693935450015,Tangy Substation,Transmission,345000
39.833537121275924,-80.80592982569745,Kammer Substation 765kv,Transmission,765000
41.020944743998065,-83.29929172656851,South Berwick Substation,Transmission,345000
41.47474618708749,-83.4513599482471,Lemoyne Substation,Transmission,345000
41.6906861830908,-83.43406327419702,Bay Shore Substation,Transmission,345000
39.07661939876589,-83.9078408737613,Hillcrest Substation,Transmission,345000
39.397746547052186,-83.8547720284537,Clinton Substation,Transmission,345000
40.67741202098805,-84.18322253364197,Southwest Lima Substation,Transmission,345000
40.58656316182109,-83.73146732735697,Scioto Ridge Substation,Transmission,345000
40.800678971856165,-84.02924353242227,East Lima Substation,Transmission,345000
41.13873547408286,-83.46109755768457,Fostoria Central Substation,Transmission,345000
41.668705803995906,-83.4422932478442,Lallendorf Substation,Transmission,345000
41.47531085043243,-83.9185457265673,Midway Substation,Transmission,345000
41.473643255231806,-83.63321646195192,Dowling Substation,Transmission,345000
41.72222084266489,-83.77939389623629,Allen Junction Substation,Transmission,345000
41.60145530397447,-83.90992107163218,Fulton Substation,Transmission,345000
38.99168103274995,-84.29646150170025,Beckjord Substation,Transmission,138000
39.30583210413659,-84.24940158590465,Foster Substation,Transmission,345000
38.99047927865806,-84.29048764872996,Pierce Substation,Transmission,345000
39.3274649676107,-84.44936478775598,Port Union Substation,Transmission,345000
39.60056809784657,-84.09561048999217,Sugar Creek Substation,Transmission,345000
39.766726659497564,-83.97853955076371,Bath Substation,Transmission,345000
40.288615172640334,-84.08617667491066,Shelby Substation,Transmission,345000
40.929486803314916,-84.56070004543795,Blue Creek Substation,Transmission,345000
40.92827200347581,-84.56061779566035,Maddox Creek Substation,Transmission,345000
39.45490179470603,-84.37622890253319,Todhunter Substation,Transmission,345000
40.171464085951975,-75.31006582115516,Whitpain Substation,Transmission,500000
39.76152113210777,-76.27800187181393,Peach Bottom North Substation,Transmission,500000
40.454335998078825,-75.50510040471404,Met-Ed Hosensack Substation,Transmission,230000
40.220890713015784,-75.58287816314473,Limerick 500 kV Substation,Transmission,500000
40.212255497711176,-75.34703805166593,Center Point Substation,Transmission,500000
40.45716431912922,-75.50827430494788,Hosensack Substation,Transmission,500000
40.15016057543746,-76.71273843218158,Three Mile Island 500kV Substation,Transmission,500000
40.61993210821715,-75.30874535289475,Steel City Substation,Transmission,500000
40.551723013095234,-75.64251188063889,Breinigsville Substation,Transmission,500000
40.42910509126329,-77.1708463757194,Juniata Substation,Transmission,500000
40.57390181557675,-75.561600818253,Wescosville Substation,Transmission,500000
41.08776309781721,-76.14962278934189,Susquehanna Substation,Transmission,500000
41.114948949025155,-76.15840192599647,Shickshinny Substation,Transmission,500000
39.739451752243724,-76.30484985899925,Delta Plant Substation,Transmission,500000
40.836079499902254,-76.82786398903977,Sunbury Substation,Transmission,500000
41.81348943046942,-76.99603373951987,Mainesburg Substation,Transmission,345000
40.38948122128307,-79.0590745545281,Conemaugh Switching Station,Transmission,500000
40.65789415501085,-79.33832801316352,Keystone Substation,Transmission,500000
41.84223852733811,-78.4092765479173,Pierce Brook Substation,Transmission,345000
40.64159111482023,-79.34600440737215,South Bend Switching Station,Transmission,500000
40.801534684609415,-79.79579591947773,Cabot Substation,Transmission,500000
40.210365405015075,-79.72388982926104,Yukon Substation,Transmission,500000
40.92830880730363,-79.46662557729344,Armstrong Substation,Transmission,345000
40.166547964129066,-79.72371359325496,Rhodes Lane Switching Station,Transmission,500000
39.718224104725714,-79.93343939912104,Fort Martin Substation,Transmission,500000
40.52968880665416,-79.7968897339726,Logans Ferry Substation,Transmission,345000
40.72293618380576,-80.09841848673703,Cranberry Substation,Transmission,500000
41.51610467113757,-80.00986632931746,Wayne Substation,Transmission,345000
41.93456867957655,-80.38463516774958,Erie West Substation,Transmission,345000
42.06963871179298,-80.04825205951295,Erie South Substation,Transmission,345000
39.74070524599464,-80.0331558209126,502 Junction Substation,Transmission,500000
39.380071792424886,-80.33192625948975,Harrison Substation,Transmission,500000
39.72790605656906,-79.96045894289647,North Longview,Transmission,500000
39.20305357217216,-79.27205066777951,Mount Storm Substation,Transmission,500000
40.465004157263564,-80.04667411030174,Brunot Island Substation,Transmission,345000
40.56630062383978,-80.23558197263876,Crescent Substation,Transmission,345000
40.992486669652145,-80.43821018302151,McClelland Substation,Transmission,345000
37.23710415103545,-80.17015332881003,Matt Funk 345kV Substation,Transmission,345000
38.20491303086168,-81.42066914170324,Kanawha River Substation,Transmission,345000
37.381241791365554,-79.89771935665249,Cloverdale North Substation,Transmission,345000
37.867549552664904,-79.42066635701661,Lexington 500kV Substation,Transmission,500000
37.374365578665234,-79.90049545409627,Cloverdale West Substation,Transmission,765000
37.37560454804682,-79.89325563210285,Cloverdale East Substation,Transmission,500000
37.42553165782862,-79.03628054578782,Joshua Falls Substation,Transmission,765000
36.63494973457497,-79.70485362152654,Axton Substation,Transmission,765000
38.31416287538748,-78.97085201663239,Valley Substation,Transmission,500000
38.107173463583116,-78.84868213811033,Dooms Substation,Transmission,500000
39.057776759034674,-78.25407823527053,Meadow Brook Substation,Transmission,500000
36.8658547409891,-78.70664380465927,Clover Substation,Transmission,500000
36.93665236235001,-77.75902219184943,Rawlings Substation,Transmission,500000
39.202219695044874,-79.22180022331811,Greenland Gap Substation,Transmission,500000
38.7908191140885,-77.56523772059388,Gainesville Substation,Transmission,230000
38.894991345377235,-77.56819037329208,Loudoun Substation,Transmission,500000
38.501264700358284,-77.70846146350507,Morrisville Substation,Transmission,500000
37.867446254747584,-78.37928029659355,Fluvanna Substation,Transmission,500000
37.69767333483257,-77.48431051120879,Elmont Substation,Transmission,500000
38.06116876960204,-77.797196493519,North Anna Substation,Transmission,500000
38.96383193281794,-77.54897840157635,Brambleton Substation,Transmission,500000
38.89399875806663,-77.56447713881775,Mosby Substation,Transmission,500000
38.72358361339487,-77.28858706850632,Ox Substation,Transmission,500000
38.69237140377925,-77.29483147015189,Lakeridge Substation,Transmission,230000
38.56306950105283,-77.59553744850503,Bristers Substation,Transmission,500000
38.78119086050941,-77.39885935602581,Clifton Substation,Transmission,500000
38.04692984683385,-77.55016201373613,Ladysmith Substation,Transmission,500000
38.26249516899937,-77.58935358053492,Chancellor Substation,Transmission,500000
38.249914481159934,-77.78274921060599,Gold Dale Substation,Transmission,500000
37.502804332513946,-77.70383299497882,Midlothian Substation,Transmission,500000
37.436932637943606,-77.15871325690684,Chickahominy Substation,Transmission,500000
37.08554370708608,-77.40595720596589,Carson Substation,Transmission,500000
36.72313925749592,-77.65538501985861,Rogers Road Substation,Transmission,500000
37.16226564241245,-76.69515111955998,Surry Substation,Transmission,500000
37.2160410193424,-76.6076808215821,Skiffes Creek Substation,Transmission,500000
36.76293055920806,-76.35518289882907,Yadkin Substation,Transmission,500000
37.658408694903876,-81.6774977368275,Wyoming Substation,Transmission,765000
38.468796508119915,-81.8268025177677,Amos Substation,Transmission,345000
39.34476931833635,-81.30861160495633,Belmont Substation,Transmission,765000
39.35123623971733,-80.06458527716173,Pruntytown Substation,Transmission,500000
26.67298159426922,-81.76902980699722,Orange River Substation FPL,Transmission,500000
26.03536778622068,-80.43974991317434,FPL Conservation Substation,Transmission,500000
26.709842019230805,-80.37671814221001,Corbett Substation FPL,Transmission,500000
28.817155864814108,-81.95527496346284,Central Florida Substation,Transmission,500000
28.22680435304755,-82.0270057044877,Kathleen Substation DUKE,Transmission,500000
29.7232566516054,-81.76473896989653,Rice Substation,Transmission,500000
29.627942803154653,-81.58131229865852,Putnam Plant Substation,Transmission,500000
30.104509852169492,-81.83934068835553,Black Creek Substation #99 CLAY,Transmission,230000
28.384194047677205,-80.91532338938525,Poinsett Substation FPL,Transmission,500000
29.00428828911343,-81.15869411549451,Gaco Substation,Transmission,500000
27.637405154602597,-80.79112349101239,Fort Drum Substation,Transmission,500000
27.05686331306035,-80.56017769398434,Martin Plant Substation,Transmission,500000
27.372165456411903,-80.41582654241826,Midway Substation,Transmission,500000
26.196950321573336,-80.29675226455548,Tamarac Substation FPL,Transmission,500000
26.692632628976696,-80.37533702805241,West County Energy Center Substation,Transmission,500000
25.813223957714985,-80.44063030461592,Quarry Substation FPL,Transmission,500000
25.813405761294106,-80.435475305841,Levee Substation FPL,Transmission,500000
28.57502655228542,-82.49849748585156,Brookridge Substation,Transmission,500000
28.05881478629702,-82.6545262233691,Lake Tarpon Substation,Transmission,500000
28.527919006200385,-82.50064235455417,Brooksville West Substation,Transmission,230000
28.96057171029909,-82.69789863741538,Crystal River Plant Substation,Transmission,500000
39.063240453256945,-89.40028385324484,Coffeen Station,Transmission,345000
39.184914174866414,-89.02876328860793,Ramsey Substation,Transmission,345000
39.59327843986101,-89.49621723326813,Kincaid Station,Transmission,345000
39.576840455680426,-89.58333430734602,Pawnee substation,Transmission,345000
39.85122177110213,-89.33547608282653,Lanesville Substation,Transmission,345000
40.452670971145494,-88.9043467563325,Brokaw Substation,Transmission,345000
40.56218441549289,-89.53744563205953,Tazewell,Transmission,345000
40.78498262774083,-89.70056871245944,Fargo,Transmission,345000
40.973227947909386,-90.33023463215623,Sandburg,Transmission,345000
40.47884070286438,-88.7973996496072,Blue Mound Substation,Transmission,345000
39.22142415180916,-88.75919704964956,Holland Station,Transmission,345000
37.87857450865733,-88.84926506765314,West Frankfort East Substation,Transmission,345000
38.031360134144094,-88.27736692590867,Norris City North Substation,Transmission,345000
40.15819762851395,-88.33993385199237,Rising Substation,Transmission,345000
38.9386824579219,-88.27475118896739,Newton Station,Transmission,345000
39.99283178688017,-87.69917993541758,Bunsenville Substation,Transmission,345000
38.20399387933672,-89.8516638334208,Baldwin Station,Transmission,345000
38.59989753783937,-90.17889446399205,Cahokia Substation,Transmission,345000
41.68138281971326,-90.5276562745789,Sub 91,Transmission,345000
41.791157825641136,-90.29546666257185,Rock Creek Substation,Transmission,345000
38.32186617510326,-87.42397243218663,Francisco Substation,Transmission,345000
38.527354861180754,-87.24945848494278,Petersburg Station,Transmission,345000
38.87092471429799,-86.51015729302036,Bedford Substation (345kV),Transmission,345000
39.06587390397138,-87.51158569025007,Merom Station,Transmission,345000
40.46908620889239,-87.0145878518418,Dequine Substation,Transmission,345000
39.94246585335707,-87.50095459914502,Eugene Substation,Transmission,345000
39.97176104204808,-86.83172822777561,Nucor Substation,Transmission,345000
39.23569860640069,-87.5465552305166,Sullivan Substation,Transmission,765000
39.70900551990863,-86.62831619233486,Amo Substation,Transmission,345000
38.31180060070155,-87.02398515430416,Duff Substation,Transmission,345000
39.69221788035979,-86.32384873343808,Thompson Substation,Transmission,345000
39.87829434458758,-86.4833990932479,Qualitech Substation,Transmission,345000
39.98270797960739,-86.30645645013689,Whitestown Substation,Transmission,345000
39.29616782491284,-86.52054156264974,Bloomington Substation (230kV),Transmission,230000
39.1741194731592,-85.86966769978375,Columbus Substation (345kV),Transmission,345000
40.67779116193356,-86.26039978155033,Walton Substation,Transmission,345000
40.094107318084,-86.16636702208928,Hortonville Substation,Transmission,345000
40.09816447751126,-85.97282484582894,Noblesville Substation,Transmission,345000
39.71401056293319,-86.05239801992421,Hanna Substation,Transmission,345000
39.78420459420714,-86.30462762631662,Rockville Substation,Transmission,345000
39.85570391570545,-86.22834405823123,Guion Substation,Transmission,345000
39.88171603374657,-85.45924731875164,Greensboro Substation,Transmission,345000
41.334778751372106,-91.55514510025473,Sub T,Transmission,345000
41.57022532271139,-91.53616465505444,Hills Substation,Transmission,345000
41.90347119976941,-91.8119093061477,Morgan Valley Substation,Transmission,345000
41.93056956382461,-91.70100953940744,Beverly Substation,Transmission,345000
41.554892926606115,-91.22368924022047,Sub 92,Transmission,345000
41.61051799605583,-92.56350769490146,Montezuma Switching Station,Transmission,345000
42.58599642820358,-91.90177127244257,Hazleton Substation,Transmission,345000
42.54565196740609,-91.01899549737279,Hickory Creek Substation,Transmission,345000
41.57504645076613,-90.69034955149053,Sub 56,Transmission,345000
41.56516065150701,-90.81175079980692,Walcott Substation,Transmission,345000
42.40229064341131,-90.66378457329733,Salem Substation,Transmission,345000
42.25663664457271,-90.49581292052784,Bellevue Switch Station,Transmission,69000
43.481514953307276,-92.61211241319153,Mitchell County Substation,Transmission,345000
41.67514656341784,-93.49779784630984,Bondurant Substation,Transmission,345000
43.55716379597297,-92.68064588794377,Adams Substation,Transmission,345000
41.54154380239089,-93.5271735292845,SE Polk Substation,Transmission,345000
41.45916519090359,-93.68056318212396,Norwalk Substation,Transmission,345000
42.79523210348984,-93.29972755008174,Quinn Switching Station,Transmission,345000
43.100521501371894,-93.29332430402773,Killdeer Substation,Transmission,345000
43.25361681632581,-93.29177546457304,Colby Substation,Transmission,345000
42.77552370135103,-93.41852636147027,Jerry L. Plagge Collector Substation,Transmission,345000
41.33636934201286,-93.90867876300649,Madison County Switching Station,Transmission,345000
41.50887241654206,-93.92070461738356,Booneville Substation,Transmission,345000
41.621700998320975,-93.91883572712145,Apple Data Center,Transmission,345000
42.371087645688455,-94.11644668817586,Lehigh Substation,Transmission,345000
42.56615315504748,-94.09217184428105,Webster Substation,Transmission,345000
43.17010375436637,-94.15656709949735,Kossuth Substation,Transmission,345000
41.46516495152155,-94.60656727762971,Fallow Ave Substation,Transmission,345000
43.20787469345393,-95.58159541697512,O'Brien County Substation,Transmission,345000
41.19837205350062,-95.79766139997948,Overland Trail Substation,Transmission,345000
43.66990475870417,-95.14380656274999,Lakefield Junction Substation,Transmission,345000
42.60298715863198,-96.30626533890847,Sioux City Substation,Transmission,345000
37.793481711244,-87.05833072036457,Elmer Smith Substation,Transmission,345000
38.172926472222855,-85.85095670457478,Cane Run Switching Substation,Transmission,138000
46.05807213283086,-87.50778194892969,Arnold Substation,Transmission,345000
46.577003876494445,-87.40724486927712,Dead River Substation,Transmission,345000
43.80053967825214,-92.68248432884332,Pleasant Valley Substation,Transmission,345000
44.63842344925379,-92.99663431259201,Hampton Substation,Transmission,345000
44.595918182416604,-93.295918231234,Chub Lake Substation,Transmission,345000
44.78661355025641,-93.42692850812453,Blue Lake Substation,Transmission,345000
44.555065255094355,-93.6568318486792,Helena Substation,Transmission,345000
45.034273274959666,-93.03879290486945,Kohlman Lake,Transmission,345000
45.22077128297402,-93.30702314900896,Bunker Lake Substation,Transmission,345000
45.03019055423047,-92.78118786914324,King Plant Substation,Transmission,345000
45.460829406628186,-92.91331226769519,Chisago Substation,Transmission,500000
44.88747852978787,-93.01165134350626,Red Rock,Transmission,345000
47.364096796191774,-92.69066725917348,Forbes Substation,Transmission,500000
45.89796734288737,-91.52099411196531,Stone Lake Substation,Transmission,345000
44.034483308787756,-92.66965422941996,Byron Substation,Transmission,345000
44.77515112718594,-93.57014871804492,Scott County Substation,Transmission,345000
44.51532087894449,-94.82850551750354,Cedar Mountain Substation,Transmission,345000
44.198543577852064,-94.00838881640634,Wilmarth Substation,Transmission,345000
44.992649113335744,-93.45701156408239,Parkers Lake Substation,Transmission,345000
44.86278800588947,-93.43532968960352,Eden Prairie Substation,Transmission,345000
45.330837201546885,-93.84638408516868,Monticello Substation,Transmission,345000
45.37501976729513,-93.89759839281966,Sherburne County Substation,Transmission,345000
45.542919323246274,-94.27436828916757,Quarry Substation,Transmission,345000
45.569137530048344,-94.03875567818511,Benton County Substation,Transmission,345000
45.656011194850656,-94.70921575944679,Riverview Substation,Transmission,345000
45.84723089886045,-95.405646642553,Alexandria Switching Substation,Transmission,345000
43.71206781154034,-95.71959096662721,Nobles County Substation,Transmission,345000
44.773477154093975,-95.60171694921381,Hazel Creek Substation,Transmission,345000
44.80363548749342,-95.52971109202869,Minnesota Valley Substation,Transmission,230000
46.95107086505471,-97.075981161057,Bison Substation,Transmission,345000
38.132851207290436,-90.26563261043577,Rush Island Station,Transmission,345000
38.92204123880869,-91.46017806739428,Montgomery Substation,Transmission,345000
38.758702639687016,-91.78440206499695,Callaway Substation,Transmission,345000
38.550059419301064,-92.03588003604791,Mariosa Delta Substation,Transmission,345000
46.91749280830014,-96.87430570699549,Maple River Substation,Transmission,345000
44.864367501165624,-96.53965493206833,Deuel County Switching Station,Transmission,345000
42.84239402050977,-87.83465956822491,Oak Creek Station,Transmission,345000
42.70584097653637,-87.86838110168705,Racine Substation,Transmission,345000
43.13025171376024,-88.00820490884054,Granville Substation,Transmission,345000
43.37207384496402,-87.9589816031227,Saukville Substation,Transmission,345000
43.71102600079547,-87.83833629928037,South Sheboygan Falls,Transmission,138000
43.734886133870596,-88.49433175023462,South Fond du Lac Station,Transmission,345000
44.28062395961461,-87.53844523814186,Point Beach Station,Transmission,345000
44.22074091493036,-88.13184809676082,Forest Junction Substation,Transmission,345000
44.21539390763682,-87.87954875984931,BRANCH RIVER,Transmission,345000
44.342869503422456,-87.53961479949855,Kewaunee Station,Transmission,345000
44.36880964246105,-88.35454224486504,North Appleton Substation,Transmission,345000
44.3216478531905,-88.2075563025039,Fox River Station,Transmission,345000
43.48580395518191,-89.41703198848025,Columbia Station,Transmission,345000
43.97972509245444,-88.63297840258578,Fitzgerald Substation,Transmission,345000
44.420158907716946,-88.71913327100178,Werner West Substation,Transmission,345000
44.838403842095495,-88.19423018275205,Morgan Substation,Transmission,345000
44.71994275239242,-88.67474769994172,Highway 22 Substation,Transmission,345000
43.09217169262016,-89.56819983280539,Cardinal,Transmission,345000
44.500059621405036,-89.60527447128766,Rocky Run Substation,Transmission,345000
43.256805112030364,-89.41639119859052,North Madison Substation,Transmission,345000
44.557989104227126,-89.94450414913244,Arpin Substation,Transmission,345000
44.847215119023694,-89.65609944741163,Gardner Park Substation,Transmission,115000
43.95315329923306,-91.28269043030518,Briggs Road Substation,Transmission,345000
42.68614031839499,-84.78535876262681,Oneida Substation,Transmission,345000
42.369027208994524,-85.15841132014015,Battle Creek Substation,Transmission,345000
42.37788199238531,-83.9807897274942,Majestic Substation,Transmission,345000
43.21082980590721,-84.83010879829328,Nelson Road Substation,Transmission,345000
42.9999453259044,-85.41532899635123,Vergennes Substation,Transmission,345000
43.20951175840089,-84.52937627337772,Slate Substation,Transmission,345000
43.17946970990527,-85.8212803181228,Kenowa Substation,Transmission,345000
43.43302690229831,-84.21659265070528,Murphy Substation,Transmission,345000
43.57391071419392,-84.18132324434839,Tittabawassee Substation,Transmission,345000
45.02945192027706,-84.73303926041417,Livingston Substation,Transmission,345000
44.27404875144213,-84.13593725053907,Gallagher Substation,Transmission,345000
44.69528619895998,-85.61639673028162,Keystone Substation,Transmission,345000
43.02416123929963,-83.94310247846867,Goss Substation,Transmission,345000
43.456607155817935,-83.78454078463191,Manning Substation,Transmission,345000
42.55486951063454,-84.02523253130369,Madrid Substation,Transmission,345000
42.11128826937262,-83.65316415932944,Milan Substation,Transmission,345000
42.35328661578792,-83.62301216742105,Coventry Substation,Transmission,345000
42.31031944415161,-83.4651658546169,Wayne Substation,Transmission,345000
42.41547501352433,-84.48555804464296,Tompkins Substation,Transmission,345000
42.436533793223,-85.60882514151568,Argenta Substation,Transmission,345000
42.923305429927765,-83.45332388564674,Blackfoot Substation,Transmission,345000
41.83971080472872,-83.77024958834801,Morocco Substation,Transmission,345000
43.36922885582766,-83.69161542185063,Bauer Substation,Transmission,345000
43.81180133814403,-83.11813949825138,Grassmere Substation,Transmission,345000
42.71096011440151,-83.4568234134282,Placid Substation,Transmission,345000
42.512804358688136,-83.5282021189494,Wixom Substation,Transmission,345000
42.73161581454446,-83.28339394872064,Pontiac Substation,Transmission,345000
42.71789303147173,-83.00872483695231,Jewell Substation,Transmission,345000
42.490500714111796,-83.44217329216264,Quaker Substation,Transmission,345000
42.11639931032596,-83.24849217659704,Brownstown Substation,Transmission,345000
43.829531278474505,-82.86898538938415,Rapson Substation,Transmission,345000
42.79901952312219,-83.00557576642753,Crimson Substation,Transmission,120000
42.91921874140102,-82.70522989288943,Fitz Substation,Transmission,345000
43.103006687664866,-82.70194037199111,Greenwood Substation,Transmission,345000
42.66139174615802,-83.12086908464215,Spokane Substation,Transmission,230000
42.47387122835024,-82.99668896330304,Stephens Substation,Transmission,345000
42.59423280181316,-82.99660059784033,Bismarck Substation,Transmission,345000
42.76461725855878,-82.47455305397735,Saint Clair Substation,Transmission,345000
42.72495271511979,-82.84842543181743,Lenox Substation,Transmission,345000
42.96940407682327,-85.80886840986376,Tallmadge Substation,Transmission,345000
42.81729875318002,-85.55342469444376,Gaines Substation,Transmission,345000
42.832437555102345,-85.97686478817263,Roosevelt Substation,Transmission,345000
42.91516590452488,-86.19088339822912,Campbell 345kV Substation,Transmission,345000
43.88988239344346,-86.44138491582936,Ludington Substation,Transmission,345000
42.9171606645905,-86.12295403035525,Tyler Substation,Transmission,345000
43.946478540872086,-86.36307214236783,Pere Marquette Substation,Transmission,345000
48.39965376333743,-102.84803016172047,Tande,Transmission,345000
26.27747462253168,-97.61339780961917,Rio Hondo Substation,Transmission,345000
26.34413923940048,-98.18911870427854,North Edinburg Substation,Transmission,345000
26.146627903428097,-97.6427406958916,La Palma 345 kV Substation,Transmission,345000
27.092332555662292,-97.77438883329017,Ajo Switching Station,Transmission,345000
27.0034459020055,-97.58347305007014,Zorillo Substation,Transmission,345000
27.002598400003702,-97.58420388203379,Gulf Wind Substation,Transmission,345000
27.103160554581418,-97.52885522498012,Penascal Substation,Transmission,345000
27.1034357901364,-97.52963454221504,Marana Switchyard,Transmission,345000
27.560527336540062,-97.66883426500146,Nelson Sharpe Substation,Transmission,345000
27.843613856296226,-97.61489523039963,Lon Hill Substation,Transmission,345000
27.93580405382364,-97.36056187605392,Whitepoint Substation,Transmission,345000
28.739599366062148,-98.0239283780265,Pawnee Substation,Transmission,345000
28.716724925308284,-97.21284487640958,Coleto Creek Substation,Transmission,345000
28.79955926594191,-96.05017105093054,South Texas Project Switchyard,Transmission,345000
28.59831345140935,-97.04744485646934,Warburton Substation,Transmission,138000
28.842680467073112,-97.83724947014088,Kenedy Switching Station,Transmission,138000
28.786770032549057,-97.01033352322396,Victoria Switching Station,Transmission,138000
30.145526027853137,-97.26879955270215,Sim Gideon Station,Transmission,138000
30.251269372367485,-97.48731282810701,Austrop Substation,Transmission,345000
30.142637956316914,-97.54534892982073,Garfield Substation,Transmission,345000
30.145543526601976,-97.5485180361318,Bastrop Energy Switchyard,Transmission,345000
30.275384109714363,-97.5397323553377,Dunlap Substation,Transmission,345000
30.147750254253392,-97.27278845131977,Lost Pines Station,Transmission,345000
30.577328257508654,-97.07692556697918,Sandow Station,Transmission,345000
30.044392205990796,-96.98651148827214,Winchester Substation,Transmission,138000
30.417017251119248,-97.3591061997993,Elgin Switching Station,Transmission,138000
29.91829627901357,-96.75517107466615,Fayette Plant #1 Substation,Transmission,345000
30.00546976509488,-97.67431165279335,Lytton Springs Substation,Transmission,345000
29.795566242907654,-96.87838344371096,Holman Substation,Transmission,345000
29.913602902971654,-96.75614631539264,Fayette Plant #2 Substation,Transmission,345000
29.77275547143573,-97.94975785158113,Zorn Substation,Transmission,345000
30.3049807040298,-97.61415050439281,Decker Switchyard,Transmission,138000
30.410050965225533,-97.57383610443893,Gilleland Creek Substation,Transmission,345000
29.65104120816611,-98.01722594579162,Clear Springs Substation,Transmission,345000
30.551166908143415,-97.56134300759398,Hutto Switching Station,Transmission,345000
30.97212595961536,-97.51111940118254,Salado Switching Station,Transmission,345000
30.566942781540426,-97.39743265196859,Taylor Substation,Transmission,138000
31.12963925910158,-97.26106453544912,Temple Pecan Creek Substation,Transmission,345000
31.07909170258602,-97.3075909415196,Temple Switching Station,Transmission,345000
31.00456535584272,-97.25960301976359,East Bell County Substation,Transmission,345000
31.056312007237512,-97.31271425235298,Knob Creek Switching Station,Transmission,345000
31.038522947888566,-97.72279732387389,Killeen Substation,Transmission,345000
31.860976669246746,-97.36538081925657,Whitney Switching Station,Transmission,345000
32.014784785128484,-97.1369496338766,Hillsboro Substation,Transmission,138000
32.068875755843685,-97.74789261882052,Walnut Springs Switching Station,Transmission,138000
32.44419389898947,-97.07234494086492,Venus Substation,Transmission,345000
32.6849717945028,-97.47162494259884,Benbrook Substation,Transmission,345000
32.59615547803755,-97.43999808964533,Rocky Creek Substation,Transmission,345000
32.80632598160332,-97.67623221190198,Parker Substation,Transmission,345000
32.640561921412335,-97.25151960544106,Everman Substation,Transmission,345000
32.90501421426365,-97.38394058802443,Hicks Substation,Transmission,345000
32.99211786311791,-97.26158946692065,Roanoke Substation,Transmission,345000
32.2977762317792,-97.78986132339357,Comanche Peak Station,Transmission,345000
33.05614940722611,-97.91029507245054,Willow Creek Substation,Transmission,345000
33.06618396987141,-97.00957246300341,Lewisville Substation,Transmission,345000
33.17576670840672,-97.21917915033279,West Denton Substation,Transmission,345000
33.32485750494737,-97.31048816541647,West Krum Substation,Transmission,345000
33.27719370663026,-98.10680135724846,Jacksboro Substation,Transmission,345000
33.3181587163426,-96.63956055302646,Anna Substation,Transmission,345000
34.0852615666393,-99.14533488828432,Riley Substation,Transmission,345000
32.98454154712305,-96.93845292825235,Northwest Carrollton Substation,Transmission,345000
33.19071335524054,-96.33793895696706,Farmersville Substation,Transmission,345000
33.61394530485258,-96.3733197250875,Valley South Substation,Transmission,345000
33.62745760957504,-96.3703796078682,Valley Switching Station (345 kV),Transmission,345000
33.012599805462074,-96.77744645029414,West Plano Substation,Transmission,345000
33.05991318898325,-96.70020908016389,Allen Switching Station,Transmission,345000
32.95796276897408,-96.61221024639123,Ben Davis Substation,Transmission,345000
32.96935675091472,-96.35068106900773,Royse Substation,Transmission,345000
32.7777078895424,-96.82594767028596,West Levee Substation,Transmission,345000
32.72789079422391,-96.77415512605036,Sargent Road Substation,Transmission,345000
32.75785702653075,-96.48696386670858,Forney Substation,Transmission,345000
32.55873151139146,-96.72636264569562,Watermill Substation,Transmission,345000
31.96396567516578,-96.5179965688661,Navarro Switching Station,Transmission,345000
32.55366955545635,-96.53752842989739,Tri-Corner Substation,Transmission,345000
31.897464953811866,-97.01807522476514,Sam Switching Station,Transmission,345000
31.57474309691643,-96.96438340148171,Tradinghouse Substation,Transmission,345000
31.473449179609048,-96.96080518166808,Rattlesnake Road Substation,Transmission,345000
31.371092438931807,-96.13287340058864,Jewett Substation,Transmission,345000
31.09127250558225,-96.69355595231488,TNP One Substation,Transmission,345000
31.18586331077545,-96.48425369640218,Twin Oaks Substation,Transmission,345000
29.96259299307344,-96.68792178155515,Fayetteville Substation,Transmission,345000
30.111212731275955,-96.42575465537317,Salem Substation,Transmission,345000
30.02552180089002,-96.99492475073491,Winchester Power Park Substation,Transmission,138000
29.67785622343097,-97.10585589553428,Flatonia Substation,Transmission,138000
29.029040627417846,-96.23711634272853,Hillje Substation,Transmission,345000
28.815513653252175,-97.74064009944459,Choate Substation,Transmission,138000
28.69293505274105,-96.9455828025597,Dupont Switching Station,Transmission,138000
33.63929941893841,-95.58097951821637,Paris Substation,Transmission,345000
33.08553321013551,-95.61640868030864,Sulphur Springs Switching Station,Transmission,345000
32.67297683143342,-96.54558184848743,Seagoville Switching Station,Transmission,345000
31.890085522221607,-96.11341595411577,Richland Chambers Substation,Transmission,345000
31.819544003187644,-96.05745411516239,Big Brown Station,Transmission,345000
31.424748469786095,-96.24708773072638,Limestone Station,Transmission,345000
30.661351110357913,-95.9732776389905,Singleton Substation,Transmission,345000
30.85881415885638,-96.25887295913442,Jack Creek Substation,Transmission,345000
30.622359863797286,-96.08153888486342,Gibbons Creek Station,Transmission,345000
31.183318700022056,-96.48451121245316,Oak Grove Substation,Transmission,345000
29.480936521876224,-95.62421637704809,W. A. Parish Station (345 kV),Transmission,345000
28.88636874888637,-96.19110396969715,Blessing Substation,Transmission,345000
32.23454377052287,-95.94950755384771,Forest Grove Substation,Transmission,345000
30.593882079739373,-95.91896259066155,Tenaska Frontier Station,Transmission,345000
29.910076021902544,-95.77718537000486,Zenith Substation,Transmission,345000
30.09006842302168,-95.60602824505504,Tomball Substation,Transmission,345000
29.915344133779374,-95.21631712440877,King Substation,Transmission,345000
29.673782146068195,-95.71766824899964,O'Brien Substation,Transmission,345000
29.939509830114815,-95.53308632914033,T. H. Wharton Substation,Transmission,345000
29.482709810003048,-95.63053955727813,W. A. Parish Station (138 kV),Transmission,138000
29.823443814233784,-95.57314072334573,Addicks Substation,Transmission,345000
29.467320858233464,-97.9998642441849,Elm Creek Substation,Transmission,345000
28.986109767704477,-95.35814748873163,Dow Substation,Transmission,345000
29.83675305445803,-95.12342550866457,Channelview Cogen Substation,Transmission,345000
29.818459155715697,-95.2182590249754,Greens Bayou 345kV Substation,Transmission,345000
29.940735671064726,-95.36972903703816,North Belt Substation,Transmission,345000
30.090247652280425,-95.49045252109423,Rothwood Substation,Transmission,345000
29.814667928791785,-95.43482030715977,White Oak Substation,Transmission,345000
29.45637525033942,-95.30831374094439,Oasis Substation,Transmission,345000
29.718801368780277,-95.5366976544376,Jeanetta Substation,Transmission,345000
29.460358691608945,-95.2579789677888,Meadow Substation,Transmission,345000
29.487875850699726,-94.98235593291321,P. H. Robinson Switching Station,Transmission,345000
29.747948320779578,-94.92497303857272,Cedar Bayou Plant Substation,Transmission,345000
31.36992408043568,-94.76858176816093,Lufkin Switching Station,Transmission,345000
28.704005654078227,-98.47430697471813,San Miguel Switchyard,Transmission,345000
29.31254905851201,-98.32038632151077,J. K. Spruce Switchyard,Transmission,345000
29.620603572654964,-98.14863560870633,Marion Substation,Transmission,345000
29.78314301108131,-97.99014955493983,Hays Energy Station,Transmission,345000
29.984999484742264,-98.88663706487243,Kendall Substation,Transmission,345000
29.59308505565597,-97.97493196579804,Rio Nogales Switchyard,Transmission,345000
29.580647513371435,-98.40884067480602,Skyline Substation,Transmission,345000
29.623186775088307,-98.14105574080851,Guadalupe Generating Station,Transmission,345000
29.619565624827512,-98.57161795348341,Hill Country Substation,Transmission,345000
31.538052080939796,-99.19479971969801,Brown Substation,Transmission,345000
31.86902029978016,-98.55330740034958,Comanche Switching Station,Transmission,345000
32.33525633543472,-97.7320686833839,Wolf Hollow Substation,Transmission,345000
33.13854420732397,-98.60945014861312,Graham Substation,Transmission,345000
33.10306749757109,-97.9530956676728,Henderson Substation,Transmission,345000
33.80998002415948,-98.60061958132333,Bowman Substation,Transmission,345000
33.00137381637691,-99.6054944017247,Clear Crossing Substation,Transmission,345000
33.080159601581975,-99.5807394075441,Paint Creek Substation,Transmission,138000
26.457694467372875,-98.73702095263242,Del Sel Substation,Transmission,345000
26.487494601718048,-98.59449991582095,MigHoward Substation,Transmission,345000
26.932812473634097,-99.23389477537927,Zapata Substation,Transmission,138000
27.327584715681123,-99.41155740046483,Cenizo Substation,Transmission,345000
26.492620502586025,-98.44830930054482,Los Mirasoles Substation,Transmission,345000
27.579439293251117,-99.27564284190218,Lobo Substation,Transmission,345000
28.927397517047993,-99.09262617202633,Pearsall Switchyard,Transmission,138000
29.415847744822376,-98.7181850232531,Cagnon Road Substation,Transmission,345000
29.258315289751135,-98.38422766728135,Arthur Von Rosenberg Switchyard,Transmission,345000
29.350186105697652,-98.5752738230297,Leon Creek Switchyard,Transmission,138000
31.81883300328335,-98.66364780011595,Corn Trail Switching Station,Transmission,345000
32.63580079288321,-99.53785463046054,West Shackleford Substation,Transmission,345000
32.62926600765866,-99.54129992787968,Long Creek Substation,Transmission,345000
32.75003990199285,-99.32805272670313,Cook Field Road Substation,Transmission,345000
32.531041041483626,-100.68436883898751,Tonkawa Substation,Transmission,345000
33.88653835034736,-98.42943665905145,Fisher Road Substation,Transmission,345000
27.321232132372234,-98.99806828511186,Bordas Substation,Transmission,345000
29.07937775142218,-99.04848461752613,Moore Substation,Transmission,138000
29.05992711865239,-98.95039319610437,Big Foot Substation,Transmission,138000
32.19017773609875,-100.01713065869582,Horse Hollow Kendall Tie,Transmission,345000
31.52900613895057,-100.32093165942095,San Angelo Red Creek Substation,Transmission,345000
32.11718925778832,-100.15481485198865,Central Bluff Substation,Transmission,345000
32.19651450668372,-100.0230565485495,Bluff Creek Substation,Transmission,345000
34.082631828736204,-99.1807700058987,Oklaunion South Substation,Transmission,345000
33.944272266751824,-99.77405917799027,Edith Clarke Substation,Transmission,345000
34.234163010609365,-99.43416366395725,Jim Treece Substation,Transmission,345000
32.52374791793737,-99.82251025211863,Mulberry Creek Substation,Transmission,345000
32.5247364018189,-99.82239352747875,Mulberry Creek Substation,Transmission,345000
32.62877033825947,-99.54042049693908,Mesquite Substation,Transmission,345000
32.768425850618705,-99.42282495001785,Hackberry Wind Substation,Transmission,345000
32.598692012143076,-100.86201196201424,Scurry County South Substation,Transmission,345000
34.2940190592155,-99.36944041144758,Blue Summit Wind Substation,Transmission,345000
31.04756138583307,-100.54292719569776,Big Hill Substation,Transmission,345000
32.46422694890199,-100.21690245925313,Sweetwater East Substation,Transmission,345000
32.378501918788885,-100.7271695865659,Loraine Substation,Transmission,345000
32.43771292299762,-100.3520954043932,Bitter Creek Substation,Transmission,345000
32.86022106270168,-101.00880030162679,Dermott Substation,Transmission,345000
30.975855461769083,-102.28909180154703,Bakersfield Substation,Transmission,345000
31.513799167076268,-100.59802195424619,Twin Buttes Substation,Transmission,345000
31.869273143483227,-100.77693299463769,Divide Substation,Transmission,345000
31.939326203911534,-100.83018434963421,Gasconades Creek Substation,Transmission,345000
32.003672405437094,-101.27320020747547,Sand Bluff Substation,Transmission,345000
31.94070693558679,-100.82704859121976,Goat Wind Substation,Transmission,345000
32.334312869984394,-100.9162203122476,Morgan Creek Substation,Transmission,345000
32.398735350998834,-100.64802298351356,Champion Wind Farm Substation,Transmission,345000
32.46996750120073,-100.66604144465747,Roscoe Wind Farm Substation,Transmission,345000
32.497782664262346,-100.59673002700599,Inadale Wind Farm Substation,Transmission,345000
32.579691151090735,-100.69251064970685,Pyron Wind Farm Substation,Transmission,345000
32.43793590009295,-100.35113652112884,Sweetwater Wind 1 Substation,Transmission,345000
32.44510445079097,-100.74595711956871,Loraine Wind Farm Substation,Transmission,345000
32.28587325137181,-100.4952100139167,Sweetwater Wind 4 Substation,Transmission,345000
32.24195914754921,-100.48764735952398,Sweetwater Wind 5 Substation,Transmission,345000
32.64807285689325,-101.39575983691643,Faraday Substation,Transmission,345000
31.15275608555041,-102.2227012469288,North McCamey Subsation,Transmission,345000
31.98255180285051,-101.13587649168473,Panther Creek Wind 3 Substation,Transmission,345000
31.956672151013837,-101.30174810008792,Panther Creek Wind 2 Substation,Transmission,345000
31.766046007672212,-101.53149895046867,Bearkat Substation,Transmission,345000
32.72112505245586,-101.63296700187198,Long Draw Substation,Transmission,345000
32.1002127416991,-101.45228514785039,Longshore Substation,Transmission,345000
34.316785590860015,-101.24078792275895,Longhorn Wind Substation,Transmission,345000
34.392507650464744,-101.31488700004608,Briscoe Wind Farm Substation,Transmission,345000
31.769594501967507,-101.52060697563265,Einstein Substation,Transmission,345000
32.12403435150882,-101.39608965013832,Elbow Creek Wind Farm,Transmission,345000
31.839922226186825,-102.31624425304456,Quail Substation,Transmission,345000
32.16639650701699,-101.88148519938007,Grelton Substation,Transmission,345000
32.650666703206596,-101.39611730178827,Willow Valley Substation,Transmission,345000
30.994456950688786,-102.29148624951382,Bootleg Substation,Transmission,345000
32.03737916392306,-102.24625654967406,Midland County Northwest Substation,Transmission,345000
31.858233437419166,-102.21594375852384,Midessa South Substation,Transmission,345000
31.813574579266895,-102.49613974214016,Moss Substation,Transmission,345000
30.948228839418608,-103.36175753998263,Solstice Substation,Transmission,345000
