Latitude,Longitude,State,2025,2026,2027,2028,2029,2030,2035,2040,2045,2050
30.69537766977461,-88.29460564697169,Alabama,207,212,204,198,210,198,213,210,195,209
30.531686420644448,-88.55362577759414,Alabama,207,212,204,198,210,198,213,210,195,209
30.99558180429329,-88.03157771103302,Alabama,200,207,198,194,204,196,206,205,192,203
33.648377065957696,-88.2721070375548,Mississippi,207,194,201,186,194,185,202,202,181,206
33.64973042660897,-88.27252665329442,Mississippi,207,194,201,186,194,185,202,202,181,206
33.63060139854332,-87.05560636464261,Alabama,198,186,193,182,191,182,189,193,178,197
34.608633740071014,-87.05494024943634,Tennessee,175,172,172,170,164,168,173,174,158,172
34.70492885996768,-87.11640654718738,Tennessee,175,172,172,170,164,168,173,174,158,172
33.635669755857165,-88.65209225812426,Mississippi,207,194,201,186,194,185,202,202,181,206
34.37749630592458,-88.8589785137613,Mississippi,195,181,188,176,174,176,183,182,170,189
34.718262832587136,-86.84687805964344,Tennessee,165,160,161,164,155,158,158,164,154,171
34.79600667862292,-86.52114032242997,Tennessee,165,160,161,164,155,158,158,164,154,171
35.67276163385968,-87.01841089885292,Tennessee,166,160,165,172,163,162,152,168,157,168
33.21986413219487,-87.06300925801128,Alabama,198,186,193,182,191,182,189,193,178,197
33.74017653550816,-86.55813648094536,Alabama,180,173,181,175,176,173,177,178,169,188
32.651189225192134,-86.73265066650085,Alabama,198,193,194,187,197,186,196,196,183,202
34.194901551567675,-86.74822642852136,Tennessee,165,160,161,164,155,158,158,164,154,171
32.377865411546225,-86.58362322875264,Alabama,198,193,194,187,197,186,196,196,183,202
32.22904737872409,-86.26056605401455,Alabama,198,193,194,187,197,186,196,196,183,202
34.71021869255719,-85.92902564475645,Tennessee,165,160,161,164,155,158,158,164,154,171
31.22335773834752,-85.11616462847249,Alabama,196,205,202,192,210,193,208,204,190,200
32.609875278878334,-84.91568673590521,Georgia,184,189,186,184,196,183,196,196,175,194
31.367150110837105,-84.10675206696769,Georgia,206,212,207,202,216,194,214,215,189,209
35.68031232333246,-91.41250157822924,Arkansas,194,186,186,179,181,179,190,181,169,193
34.956861962763774,-92.04887550002236,Arkansas,194,186,189,174,182,179,183,183,167,189
35.3120586586687,-93.22741327101278,Arkansas,194,183,185,172,180,177,177,180,166,184
34.633820766605524,-92.41076826016295,Arkansas,205,199,200,190,193,194,202,199,181,207
35.29979621022583,-94.4309387403962,Arkansas,194,191,182,169,176,173,183,179,162,187
35.24318160662274,-92.71390441869026,Arkansas,194,186,189,174,182,179,183,183,167,189
31.293079793909985,-81.68059537460871,South Carolina,165,172,176,183,184,172,177,200,173,188
31.934990444290342,-82.3473267487448,Georgia,200,212,217,212,222,196,220,219,199,216
33.145746082969495,-81.76278447813908,South Carolina,174,177,185,194,192,176,187,198,183,200
32.88471545780476,-82.41619716711709,Georgia,190,191,196,199,209,187,205,203,190,206
33.454511219722065,-82.41463243682281,Georgia,174,177,176,183,186,177,180,186,177,195
32.35416955600418,-81.18202289447007,South Carolina,187,193,198,202,208,185,205,210,183,206
33.11960996146089,-82.85952057103519,Georgia,174,177,176,183,186,177,180,186,177,195
32.27422654224199,-81.28191220418223,South Carolina,187,193,198,202,208,185,205,210,183,206
30.27231704257476,-81.95295399196777,Florida,208,227,223,223,233,214,233,238,208,231
31.47839299490529,-83.54914961441469,Georgia,206,212,207,202,216,194,214,215,189,209
32.56490454497207,-83.5995709160838,Georgia,186,184,190,190,198,185,198,199,179,202
33.06048502711816,-83.81269421149905,Georgia,167,165,167,171,170,164,172,179,163,181
33.482023369539,-84.36740464414056,Georgia,167,165,167,171,170,164,172,179,163,181
33.63683435887363,-84.12448446103465,Georgia,167,165,167,171,170,164,172,179,163,181
34.21853790216332,-83.80266223812497,Georgia,143,134,136,146,140,143,143,156,137,152
33.932298998670205,-84.21337690564161,Georgia,143,134,136,146,140,143,143,156,137,152
33.35125576052569,-84.90619689791217,Georgia,170,170,170,170,168,166,176,176,162,176
33.55294129646226,-84.50987726535027,Georgia,170,170,170,170,168,166,176,176,162,176
33.96677706022885,-84.378874710886,Georgia,156,146,150,156,148,151,148,158,149,164
33.99412061656264,-84.56891676260325,Georgia,156,146,150,156,148,151,148,158,149,164
34.32660417338298,-84.3370709286317,Georgia,143,134,136,146,140,143,143,156,137,152
34.384386653028656,-84.88246733366046,Georgia,156,146,150,156,148,151,148,158,149,164
33.74106276784909,-84.85550873390444,Georgia,170,170,170,170,168,166,176,176,162,176
33.41085840076708,-85.03089881955795,Georgia,170,170,170,170,168,166,176,176,162,176
34.12154715742596,-84.92232443598942,Georgia,156,146,150,156,148,151,148,158,149,164
34.70308140731115,-84.908160158983,Georgia,156,146,150,156,148,151,148,158,149,164
36.59444032007575,-87.25301636018465,Tennessee,165,155,158,161,157,150,148,163,156,170
36.79516411807795,-83.75593828727675,Kentucky,141,120,117,129,135,127,136,137,121,137
36.78402715396097,-83.04339386737406,Kentucky,129,105,106,115,121,114,119,121,106,124
37.148981442031655,-88.77619705098668,Tennessee,169,165,173,159,162,156,163,165,158,184
33.64742820505465,-88.31665372123585,Mississippi,207,194,201,186,194,185,202,202,181,206
33.29089837162446,-89.42080848265736,Mississippi,210,198,207,193,204,198,210,208,187,217
33.01452852386832,-89.68136361810936,Mississippi,210,198,207,193,204,198,210,208,187,217
33.2894377567567,-89.42188345944272,Mississippi,210,198,207,193,204,198,210,208,187,217
35.174423116901814,-89.74545006113755,Mississippi,193,183,188,177,174,178,185,185,169,196
37.258282769524655,-89.83563883225912,Illinois,173,168,177,162,164,157,163,170,159,186
37.94662260855409,-90.45509398736009,Missouri,166,159,168,152,159,153,159,161,150,179
35.86141387148214,-90.02005493078944,Arkansas,181,178,179,170,171,164,172,175,167,190
39.31060181716818,-91.53455047940292,Missouri,161,154,169,144,147,147,156,155,147,174
39.836515203153,-91.55137584493558,Missouri,155,152,165,142,142,142,146,146,142,170
39.83673206042831,-91.59513984903164,Missouri,155,152,165,142,142,142,146,146,142,170
37.951736620975936,-92.02989156679884,Missouri,178,166,175,146,148,149,161,159,150,172
38.38510207765935,-91.4936359694865,Missouri,173,164,171,149,151,147,160,164,148,176
38.473014459670495,-91.8828563216363,Missouri,178,166,175,146,148,149,161,159,150,172
38.97963594190084,-91.98024818592896,Missouri,167,162,170,149,141,151,161,155,147,172
39.54439273930999,-92.64096886713452,Missouri,167,162,170,149,141,151,161,155,147,172
38.92442185238048,-92.57484317464731,Missouri,167,162,170,149,141,151,161,155,147,172
39.16939580375579,-94.16432877428122,Missouri,173,166,174,148,143,152,161,158,144,174
37.489537502295725,-93.62076149309888,Missouri,177,174,178,150,145,154,168,162,144,175
39.33018353542515,-94.5803111390387,Missouri,179,165,171,146,142,151,165,155,145,176
40.006192818884585,-94.3424090001761,Iowa,162,160,165,147,136,146,153,141,142,168
39.84419916153647,-94.7946615187094,Iowa,166,161,158,146,139,149,160,150,138,171
35.78210965294742,-78.4521551148762,Virginia,159,154,169,166,173,156,159,176,163,180
34.878706681403195,-78.78222477129866,North Carolina,159,154,169,166,173,156,159,176,163,180
35.95038320466862,-78.75008073569565,North Carolina,138,137,148,150,153,144,142,153,144,163
36.76113075700863,-77.71121136881324,Virginia,138,142,152,152,158,142,145,148,141,166
34.84342182716298,-79.74621874671699,North Carolina,171,170,178,179,185,173,173,187,173,188
36.52474031067116,-78.88848918454958,Virginia,138,137,148,150,153,144,142,153,144,163
35.87131406753623,-78.93053480568476,North Carolina,138,137,148,150,153,144,142,153,144,163
35.94167988738923,-79.75489087180162,North Carolina,131,127,132,122,142,131,131,137,129,143
36.48116292674998,-79.05106158903996,Virginia,138,137,148,150,153,144,142,153,144,163
34.997455264379475,-81.12127707481919,North Carolina,135,121,131,139,145,133,135,144,139,143
35.72367986434865,-80.60065494932982,North Carolina,144,140,155,156,159,149,150,160,154,165
35.42225421978212,-80.94526872957036,North Carolina,135,121,131,139,145,133,135,144,139,143
36.17631783736617,-81.0363712750048,North Carolina,117,100,112,111,121,106,117,115,117,123
36.87933542248808,-80.82233456594065,North Carolina,110,94,97,106,111,96,111,99,92,109
34.95433482977414,-82.91549867686913,Georgia,124,110,116,119,130,120,121,131,125,132
36.59144125189704,-82.69624713196605,Kentucky,113,95,105,105,110,103,109,108,105,119
35.33522213959153,-86.1172805292131,Tennessee,160,141,151,157,150,147,148,158,149,164
35.22707198689349,-85.09419707348123,Tennessee,145,128,136,137,128,133,135,147,137,145
35.82826276938617,-86.59839069701937,Tennessee,152,141,152,148,144,139,148,154,148,153
36.20525065777596,-86.46482820897184,Tennessee,152,141,152,148,144,139,148,154,148,153
36.04654641006467,-86.60578712647074,Tennessee,152,141,152,148,144,139,148,154,148,153
35.94527989934444,-84.38853525222136,Kentucky,147,131,135,139,136,135,139,147,138,144
35.60032501910868,-84.78911439427351,Tennessee,145,128,136,137,128,133,135,147,137,145
35.041857049109595,-84.95924194575967,Tennessee,145,128,136,137,128,133,135,147,137,145
36.019164109643185,-84.1579834213372,Kentucky,129,111,113,116,121,120,117,132,116,131
36.12213390543042,-83.81532113198179,Kentucky,129,111,113,116,121,120,117,132,116,131
36.46072984080512,-82.80823270724444,Kentucky,113,95,105,105,110,103,109,108,105,119
36.44234006672176,-82.27955375259583,North Carolina,113,95,105,105,110,103,109,108,105,119
36.781567001315565,-83.04460024315465,Kentucky,129,105,106,115,121,114,119,121,106,124
36.06737177894041,-86.98404729777957,Tennessee,165,155,158,161,157,150,148,163,156,170
36.0238207118165,-87.98161148133438,Tennessee,165,155,158,161,157,150,148,163,156,170
36.392150780789976,-87.65747372114824,Tennessee,165,155,158,161,157,150,148,163,156,170
36.24474673171792,-88.61150246747377,Tennessee,177,177,180,170,166,169,167,175,167,191
36.2752230844263,-88.83406011000929,Tennessee,177,177,180,170,166,169,167,175,167,191
35.70298032792538,-88.79071326007134,Tennessee,187,178,185,177,178,174,176,179,164,192
35.65721478714051,-89.39418681521067,Mississippi,193,183,188,177,174,178,185,185,169,196
34.995743658209584,-90.0488569357431,Mississippi,193,183,188,177,174,178,185,185,169,196
35.38638034183999,-89.80307085113705,Mississippi,193,183,188,177,174,178,185,185,169,196
35.644713374211506,-89.9701923852534,Arkansas,193,183,188,177,174,178,185,185,169,196
34.311870117955955,-109.16096975085696,Arizona,114,115,92,89,82,108,103,102,92,93
34.63615954456501,-110.13456359969864,Arizona,129,136,117,111,102,127,129,127,111,122
34.57694554411344,-109.27743298085952,Arizona,114,115,92,89,82,108,103,102,92,93
33.33889744805461,-111.03716503271596,Arizona,189,193,178,175,170,180,174,176,171,196
35.59282967137923,-108.81747305113169,Arizona,116,122,102,95,95,110,108,107,96,106
32.403633887297374,-108.59931880123663,Arizona,153,156,157,135,133,145,154,153,121,149
32.54415520156178,-111.28586346471536,Arizona,201,201,190,191,180,203,186,193,195,213
32.55621727375439,-111.29657878945784,Arizona,201,201,190,191,180,203,186,193,195,213
33.15056591232789,-111.46865384010968,Arizona,189,193,178,175,170,180,174,176,171,196
32.962370559264656,-111.99483561593954,Arizona,228,218,218,218,205,231,222,209,216,236
33.70393995664984,-111.93842367598836,Arizona,206,203,192,201,190,213,194,197,204,216
35.832630082789784,-111.44659108166228,Arizona,115,138,109,102,110,122,120,121,109,116
36.90287774042459,-111.39462159807574,Utah,112,138,108,100,110,117,108,115,103,115
35.79735736606345,-115.00848259706824,Arizona,182,185,177,173,175,186,176,172,180,200
33.816374091128374,-112.26245213188784,Arizona,206,203,192,201,190,213,194,197,204,216
33.70732872455975,-112.32249463621118,Arizona,206,203,192,201,190,213,194,197,204,216
34.40602278398407,-112.10840909883828,Arizona,177,181,169,147,161,174,167,155,152,186
34.75635009743734,-112.22955330017956,Arizona,177,181,169,147,161,174,167,155,152,186
33.345363751592714,-112.85215001117304,Arizona,206,203,192,201,190,213,194,197,204,216
32.97577792666738,-112.69247128573664,Arizona,228,218,218,218,205,231,222,209,216,236
33.230595645233635,-112.62047348906482,Arizona,206,203,192,201,190,213,194,197,204,216
33.410986755728835,-112.31702197213872,Arizona,206,203,192,201,190,213,194,197,204,216
33.38493565652942,-112.85910583063448,Arizona,206,203,192,201,190,213,194,197,204,216
33.705142347010764,-112.32633704391152,Arizona,206,203,192,201,190,213,194,197,204,216
32.954059019335354,-113.48877677383872,Arizona,241,231,229,226,210,244,243,229,221,244
33.47741955925691,-113.11350485333332,Arizona,206,203,192,201,190,213,194,197,204,216
32.74552869145405,-114.49144753720208,Arizona,219,213,214,220,203,233,224,213,215,241
33.57963149469008,-114.81723088530067,Arizona,218,206,210,218,199,231,221,212,216,240
32.717896179435705,-115.71579744418912,Arizona,198,201,195,198,183,219,198,185,196,225
33.6988489164846,-115.31287449533924,Arizona,218,206,210,218,199,231,221,212,216,240
32.80880637428294,-116.68306472924785,California,198,201,195,198,183,219,198,185,196,225
38.2113645270751,-104.57600587326183,Colorado,97,100,97,85,74,91,104,78,79,90
38.561071179503806,-104.69006834011564,Colorado,97,100,97,85,74,91,104,78,79,90
39.4941712270837,-104.90507140804644,Colorado,103,102,87,83,71,78,97,66,74,85
32.302733647528136,-107.77899496214653,New Mexico,166,162,163,142,143,154,155,162,133,165
35.11403547938812,-106.7235599071536,New Mexico,126,112,107,95,79,94,113,100,89,103
31.804864402516586,-106.58745106178746,New Mexico,178,186,176,174,150,166,171,187,147,181
36.11135958444496,-106.15756004008288,New Mexico,69,80,73,74,42,62,89,65,63,80
36.394785441345455,-105.63355910209884,New Mexico,69,80,73,74,42,62,89,65,63,80
36.80176861923351,-108.4423856297111,New Mexico,89,102,83,85,83,94,98,87,83,91
35.76419222522174,-106.10879088647312,New Mexico,126,112,107,95,79,94,113,100,89,103
31.98408959154284,-106.43489534144692,New Mexico,178,186,176,174,150,166,171,187,147,181
36.797512533751465,-108.47727200602478,New Mexico,89,102,83,85,83,94,98,87,83,91
36.48223973030026,-114.8303352578474,Utah,164,171,165,144,168,173,162,156,158,179
40.60794838533893,-104.81337357882072,Colorado,99,110,83,79,85,86,99,69,75,91
40.47228171321681,-107.59177172301284,Colorado,55,58,49,59,42,65,74,38,63,55
39.49665942945448,-105.07141883260232,Colorado,103,102,87,83,71,78,97,66,74,85
40.21651915762824,-103.67932614838575,Colorado,142,141,122,109,108,124,134,119,100,119
39.686113902363694,-104.0208133835394,Colorado,142,141,122,109,108,124,134,119,100,119
40.25460799289951,-103.58736256464668,Colorado,142,141,122,109,108,124,134,119,100,119
37.91501229217728,-100.9752763325185,Kansas,175,170,166,143,129,150,168,159,135,167
38.43852265060631,-107.952492734579,Colorado,34,45,39,44,18,50,65,36,33,43
37.18440194478697,-108.01580663423582,Colorado,47,63,58,63,35,67,81,45,57,65
39.046938867851765,-108.41454483002084,Colorado,89,103,81,83,91,95,97,79,84,94
37.868259845055285,-109.31586780909682,Utah,82,96,79,82,79,87,98,73,83,89
39.38325460706415,-111.08570852764898,Utah,93,107,87,92,99,100,97,99,90,94
41.19132446043537,-103.04877113894236,Nebraska,152,154,134,113,113,131,137,128,116,145
33.73973662517635,-117.15642698989576,California,110,105,97,90,98,102,108,89,94,121
33.82879303437243,-117.78971471018733,California,110,105,97,90,98,102,108,89,94,121
35.80362387144401,-115.01301348135192,Arizona,182,185,177,173,175,186,176,172,180,200
34.17578218801053,-118.35956447864572,California,141,164,151,140,146,167,152,147,148,162
34.281073034266704,-118.47894626660828,California,141,164,151,140,146,167,152,147,148,162
34.15083172200331,-118.1843592079502,California,141,164,151,140,146,167,152,147,148,162
34.036286827325334,-118.11160270640616,California,164,177,169,170,171,180,169,161,161,189
34.43969293451303,-118.5825688589696,California,141,164,151,140,146,167,152,147,148,162
35.03499057856058,-118.28086502292147,California,144,159,154,144,164,172,153,151,146,172
34.85758145783266,-118.43677708098916,California,141,164,151,140,146,167,152,147,148,162
36.1417977062814,-120.12474405568597,California,140,149,137,137,147,161,144,145,125,150
35.216259931704734,-120.84724887060996,California,0,13,2,2,3,10,3,4,0,12
37.2253576224436,-121.7457133485802,California,133,133,123,131,137,157,128,135,127,149
40.38322853474178,-122.38142881760234,Oregon,120,147,117,120,147,149,114,136,102,147
39.23735587031111,-122.27630178274468,California,123,145,118,129,150,152,119,138,119,150
42.71054423080067,-111.59639534849973,Utah,73,82,66,76,78,86,89,71,72,75
46.51594813163201,-112.88700824462884,Idaho,58,78,43,61,61,74,56,67,44,66
46.05109604505153,-108.85164344854242,Montana,95,104,75,79,82,96,91,85,63,101
47.45604293174374,-115.58945858571938,Idaho,64,90,43,68,71,85,63,88,75,71
45.89128130156682,-106.61416365022691,Wyoming,130,136,108,103,107,119,115,103,98,140
47.57544690698798,-114.62896841853154,Idaho,64,90,43,68,71,85,63,88,75,71
36.42722260213132,-114.90689763749457,Nevada,164,171,165,144,168,173,162,156,158,179
36.38209383297059,-114.92176154654992,Nevada,164,171,165,144,168,173,162,156,158,179
37.4134002418149,-113.64612923456323,Utah,128,153,128,115,126,142,129,133,113,132
39.45563085048802,-119.71738881622406,Nevada,94,130,81,95,116,120,99,111,73,115
39.8240109200389,-111.90415711084644,Utah,116,137,107,104,110,117,117,121,103,124
40.48031055150462,-107.59371694437544,Wyoming,55,58,49,59,42,65,74,38,63,55
38.84472654540775,-111.99289398766348,Utah,103,126,99,97,105,105,106,115,94,106
40.7072685031356,-111.9289302944728,Utah,81,113,75,90,91,97,96,94,88,95
39.78880950395023,-111.89482107852348,Utah,116,137,107,104,110,117,117,121,103,124
40.564675715374754,-112.02722370546074,Utah,81,113,75,90,91,97,96,94,88,95
40.7573330885452,-112.00662112078253,Utah,81,113,75,90,91,97,96,94,88,95
41.09515547623697,-112.04331782287288,Utah,81,113,75,90,91,97,96,94,88,95
34.42335271747258,-92.14432178825562,Arkansas,205,199,200,190,193,194,202,199,181,207
34.5939427090047,-92.21669088715534,Arkansas,205,199,200,190,193,194,202,199,181,207
34.937035390610326,-92.43852762066248,Arkansas,194,186,189,174,182,179,183,183,167,189
35.11749483173282,-90.18778311054469,Arkansas,193,183,188,177,174,178,185,185,169,196
35.65268837421729,-89.96707795574947,Arkansas,193,183,188,177,174,178,185,185,169,196
33.2969488242617,-92.58941903514894,Arkansas,217,214,213,202,212,203,220,208,196,223
33.2885503874218,-92.5918435469156,Arkansas,217,214,213,202,212,203,220,208,196,223
32.70412168438795,-92.07466032605612,Mississippi,219,220,220,212,218,212,226,218,201,225
32.57693027592657,-92.68769626190722,Louisiana,219,220,220,212,218,212,226,218,201,225
33.3367137591562,-93.22458799923886,Arkansas,214,214,206,195,209,200,212,201,190,211
29.98582655438332,-90.47858366706312,Louisiana,202,210,211,194,213,199,207,211,197,203
30.782771551112493,-89.90630487673901,Mississippi,211,232,223,209,226,212,232,232,211,226
31.524619309921764,-90.64406162353076,Mississippi,213,222,217,208,218,205,230,225,198,225
30.278626877711485,-91.11257017989696,Louisiana,215,231,224,213,224,212,237,230,210,228
30.48761705604873,-90.89637578352132,Louisiana,215,231,224,213,224,212,237,230,210,228
30.256728109287824,-91.16815165314776,Louisiana,215,231,224,213,224,212,237,230,210,228
30.745225460674625,-91.33106924914138,Louisiana,215,231,224,213,224,212,237,230,210,228
30.44882574143644,-92.13664029907356,Louisiana,220,237,231,220,226,223,239,234,212,233
32.28139506037508,-90.92886862670456,Mississippi,213,213,214,205,208,203,222,215,195,220
30.4299309122718,-92.4066651179522,Louisiana,220,237,231,220,226,223,239,234,212,233
31.98017262625198,-93.18764885050432,Louisiana,216,224,214,211,219,214,226,221,203,225
30.26624466007089,-93.7385964205838,Louisiana,219,236,220,215,228,218,236,229,208,228
32.03505109604424,-93.5692392024145,Louisiana,216,224,214,211,219,214,226,221,203,225
32.404718673135754,-93.86456831195164,Louisiana,216,219,210,204,212,209,220,209,204,222
32.381564276164696,-90.21451327192284,Mississippi,212,209,211,200,212,199,220,218,193,216
32.31090680990712,-90.32916980225193,Mississippi,212,209,211,200,212,199,220,218,193,216
32.00526518304746,-91.04412403753216,Mississippi,213,222,217,208,218,205,230,225,198,225
30.6238542034934,-95.90941633863466,Louisiana,220,233,222,215,224,215,238,224,209,232
30.3037367038664,-94.2572856451348,Louisiana,219,236,220,215,228,218,236,229,208,228
36.10819119357008,-94.43424993226752,Oklahoma,188,181,179,166,166,164,178,175,155,186
36.18531220265152,-94.28185722550784,Arkansas,182,174,178,161,158,162,173,167,150,178
36.25411997028405,-94.52760648267665,Oklahoma,188,181,179,166,166,164,178,175,155,186
36.3581873968234,-94.35451447762064,Oklahoma,182,174,178,161,158,162,173,167,150,178
35.81538936502408,-95.54940486108764,Oklahoma,188,181,179,166,166,164,178,175,155,186
37.86421094310477,-99.75570974979306,Kansas,178,170,169,152,137,159,179,166,148,174
38.93211778958924,-99.3599251304024,Kansas,171,159,161,148,138,154,173,164,145,177
38.93379849566781,-99.362553650254,Kansas,171,159,161,148,138,154,173,164,145,177
40.54527842195589,-99.12146309494464,Nebraska,158,155,144,136,128,141,143,143,132,166
37.29382190741478,-98.46536951372546,Kansas,189,177,182,157,149,163,185,174,149,184
36.31091859938324,-99.36872450654262,Oklahoma,196,184,189,164,158,169,188,172,153,190
37.46741080426504,-99.87683265020728,Kansas,190,175,176,154,137,165,184,170,148,177
37.71171094767936,-97.66854094167384,Kansas,184,175,175,154,151,153,174,166,150,180
38.727880415476406,-97.54087487794652,Kansas,179,163,164,147,140,151,170,163,147,173
38.11347241235986,-97.79069612520848,Kansas,184,175,175,154,151,153,174,166,150,180
38.16187964854243,-97.52997013406014,Kansas,184,175,175,154,151,153,174,166,150,180
37.79262350460626,-97.51949903661186,Kansas,184,175,175,154,151,153,174,166,150,180
37.33118717100557,-97.67665924921867,Kansas,190,179,187,160,158,164,181,169,151,185
38.70538351718274,-97.0404087065107,Kansas,179,163,164,147,140,151,170,163,147,173
39.28252110230805,-96.1170308851674,Kansas,178,165,166,149,146,151,171,159,146,173
37.58942405882674,-97.10522579822138,Kansas,190,179,187,160,158,164,181,169,151,185
37.791059124909125,-97.16896517079068,Kansas,184,175,175,154,151,153,174,166,150,180
36.86746717898991,-97.67234115331732,Oklahoma,190,179,187,160,158,164,181,169,151,185
38.64609900747622,-96.4629208270654,Kansas,178,165,166,149,146,151,171,159,146,173
37.3048891027816,-97.2127809242278,Oklahoma,190,179,187,160,158,164,181,169,151,185
37.084336532525946,-97.13521716364946,Oklahoma,190,179,187,160,158,164,181,169,151,185
37.407245508887634,-97.20660466211436,Kansas,190,179,187,160,158,164,181,169,151,185
36.8173260388742,-97.1256512384247,Oklahoma,190,179,187,160,158,164,181,169,151,185
37.50017824238953,-96.56116769653958,Oklahoma,192,186,186,158,163,167,183,171,155,189
38.84266184297176,-95.59052267660658,Kansas,179,165,171,146,142,151,165,155,145,176
38.44283620175436,-96.06370885876106,Kansas,184,172,182,150,154,155,176,160,150,176
37.47134405884928,-96.41908866615417,Oklahoma,192,186,186,158,163,167,183,171,155,189
37.54972756090216,-96.54472377915002,Oklahoma,192,186,186,158,163,167,183,171,155,189
37.30452647263149,-95.11706671747191,Oklahoma,180,180,183,159,159,161,176,167,150,185
39.275418891423016,-95.67920876485258,Kansas,178,165,166,149,146,151,171,159,146,173
39.26190988309818,-95.03232751680976,Missouri,179,165,171,146,142,151,165,155,145,176
38.266171904220215,-95.58781536478826,Kansas,184,177,177,152,152,155,175,160,145,176
38.97240621527144,-94.87955317775987,Missouri,179,165,171,146,142,151,165,155,145,176
39.44982598513985,-94.9766206744208,Missouri,179,165,171,146,142,151,165,155,145,176
38.78328025499931,-94.65343627567768,Missouri,179,165,171,146,142,151,165,155,145,176
38.34814317728706,-94.64118666533152,Missouri,184,177,177,152,152,155,175,160,145,176
38.93253507988559,-94.81006950725973,Missouri,179,165,171,146,142,151,165,155,145,176
38.78779721641834,-94.98867198386934,Missouri,179,165,171,146,142,151,165,155,145,176
38.74901754290275,-94.49490619669012,Missouri,179,165,171,146,142,151,165,155,145,176
37.33221189091447,-94.60955559245173,Missouri,180,180,183,159,159,161,176,167,150,185
37.85364540424599,-99.7384330503738,Kansas,178,170,169,152,137,159,179,166,148,174
37.92631706408052,-100.97189263901926,Kansas,175,170,166,143,129,150,168,159,135,167
36.49650745708337,-101.39170282506356,Kansas,191,178,176,154,133,159,174,169,147,175
38.48599586093638,-100.96889260231713,Kansas,175,170,166,143,129,150,168,159,135,167
39.30892020624341,-100.920246696529,Nebraska,168,164,155,133,129,142,162,147,134,170
40.30347783673662,-100.71019012735871,Nebraska,167,160,147,132,125,139,153,140,130,170
32.585846348202296,-93.99383830455096,Louisiana,216,219,210,204,212,209,220,209,204,222
32.74435488771362,-94.6983019662633,Arkansas,217,223,211,204,207,208,215,203,200,220
44.531227900399294,-96.1620322749457,Minnesota,120,141,110,109,110,122,122,94,105,158
44.47384975404639,-95.67381852818096,Minnesota,120,141,110,109,110,122,122,94,105,158
44.38952813716831,-96.52929121580472,Minnesota,120,141,110,109,110,122,122,94,105,158
39.7347995050438,-94.76138434857276,Missouri,166,161,158,146,139,149,160,150,138,171
40.405966520917374,-98.35581708861125,Kansas,164,158,151,143,131,146,159,151,143,173
41.05251444567145,-99.28124980203344,Nebraska,158,155,144,136,128,141,143,143,132,166
40.91148166823056,-98.26236296920727,Nebraska,158,155,144,136,128,141,143,143,132,166
41.0808460408766,-101.1472653332208,Nebraska,162,153,137,125,117,135,138,132,127,166
42.61940315278504,-98.31429285068926,Nebraska,147,151,134,125,115,132,135,121,121,165
44.13109856612709,-99.43596886847676,South Dakota,140,145,128,120,119,129,131,120,121,160
40.72161512051035,-97.6195767291649,Kansas,165,152,147,142,132,140,148,147,133,166
40.56358118520163,-96.78857395053734,Kansas,162,152,151,142,137,142,153,150,137,164
42.07796096042975,-97.35441906821316,Nebraska,148,149,139,131,126,135,142,133,120,163
42.32942382974549,-96.36538619221008,Iowa,150,151,139,136,123,134,137,130,128,166
41.42540187374797,-97.28039147025513,Nebraska,165,152,147,142,132,140,148,147,133,166
40.83027628338268,-96.81263906178116,Kansas,162,152,151,142,137,142,153,150,137,164
40.840132567406485,-96.54729586020488,Kansas,162,152,151,142,137,142,153,150,137,164
40.71328265314412,-96.58293969961257,Kansas,162,152,151,142,137,142,153,150,137,164
40.61847611614021,-95.78068779994774,Iowa,162,152,151,142,137,142,153,150,137,164
41.5187322685435,-96.08103705552551,Iowa,150,151,139,136,123,134,137,130,128,166
41.279365210060334,-96.07998743728122,Iowa,162,152,151,142,137,142,153,150,137,164
41.15801065752066,-101.65647611695098,Nebraska,162,153,137,125,117,135,138,132,127,166
34.18124573176287,-102.57089407538304,New Mexico,173,181,174,152,130,155,162,173,141,163
32.73181018931375,-103.3116915449406,New Mexico,184,184,183,180,151,169,185,185,154,182
32.03636458080561,-102.25205923442267,Texas,196,207,208,196,184,187,210,205,178,203
47.07600523672372,-101.19931822541332,North Dakota,112,132,103,101,96,114,119,95,100,144
47.90617148347277,-97.1133207805286,Minnesota,104,120,94,97,91,111,104,84,92,132
47.22863070630423,-101.8025246009926,North Dakota,97,114,89,91,91,108,105,80,82,130
47.2823997216993,-101.3153437831279,North Dakota,97,114,89,91,91,108,105,80,82,130
45.37387713047166,-98.10215346807225,South Dakota,119,134,111,107,107,118,119,92,96,146
47.37069635393309,-101.84227841434624,North Dakota,97,114,89,91,91,108,105,80,82,130
44.473665902204814,-98.39261736672086,South Dakota,132,143,118,114,115,125,128,110,105,156
47.34192933588669,-103.15948350574544,North Dakota,101,122,93,93,94,107,109,89,88,135
46.842200016396056,-103.07014962055509,North Dakota,114,133,105,101,102,111,114,96,98,144
33.987514505518945,-95.05105850390424,Oklahoma,206,204,196,183,188,184,197,195,179,203
34.01907410153633,-95.31245754684844,Oklahoma,206,204,196,183,188,184,197,195,179,203
34.692655607230684,-95.9222554422727,Oklahoma,208,196,197,180,179,184,194,189,175,201
34.185581137820364,-97.2413072864342,Oklahoma,201,203,196,186,178,184,197,187,178,201
35.71673256920097,-95.46804536326556,Oklahoma,194,191,182,169,176,173,183,179,162,187
34.683801610247926,-95.93211507918254,Oklahoma,208,196,197,180,179,184,194,189,175,201
33.632494400868886,-96.3576621159104,Oklahoma,208,211,206,187,192,187,204,195,182,210
34.96597273373913,-96.7319684862751,Oklahoma,196,192,185,176,173,179,187,185,166,193
36.01140106531628,-95.70281006757614,Oklahoma,198,185,189,170,177,176,183,180,157,191
36.05454846238322,-96.07032858144986,Oklahoma,198,185,189,170,177,176,183,180,157,191
36.159851357992245,-96.22382069942492,Oklahoma,198,185,189,170,177,176,183,180,157,191
36.28253585333326,-95.98100756034792,Oklahoma,198,185,189,170,177,176,183,180,157,191
36.36199589947758,-96.47374044583248,Oklahoma,198,185,189,170,177,176,183,180,157,191
36.44717756849179,-97.05711549507627,Oklahoma,195,189,186,166,167,173,184,174,156,185
35.33157347419102,-97.32910879077475,Oklahoma,197,199,188,177,174,177,193,175,166,193
35.690211025832724,-97.31584164233644,Oklahoma,197,199,188,177,174,177,193,175,166,193
35.510983718500725,-97.792039906627,Oklahoma,197,199,188,177,174,177,193,175,166,193
35.6363853318226,-97.64547106978874,Oklahoma,197,199,188,177,174,177,193,175,166,193
36.33071721388495,-97.78974899494423,Oklahoma,195,189,186,166,167,173,184,174,156,185
34.603686349441084,-98.31455642287018,Oklahoma,207,205,198,181,179,184,203,192,173,200
35.30055935246349,-98.0268923509864,Oklahoma,197,199,188,177,174,177,193,175,166,193
35.72791262449288,-97.79244147437878,Oklahoma,197,199,188,177,174,177,193,175,166,193
35.93226058289172,-98.75388113141616,Oklahoma,196,184,189,164,158,169,188,172,153,190
36.57481956403582,-97.68292601473158,Oklahoma,195,189,186,166,167,173,184,174,156,185
34.08597479481973,-99.18064603885622,Oklahoma,207,205,198,181,179,184,203,192,173,200
36.52551696688692,-100.9499804643986,Kansas,191,178,176,154,133,159,174,169,147,175
36.520759501858834,-100.86521510021012,Kansas,191,178,176,154,133,159,174,169,147,175
44.3867165317816,-96.5368494241003,Minnesota,120,141,110,109,110,122,122,94,105,158
44.580940120101175,-96.57485584906064,Minnesota,120,141,110,109,110,122,122,94,105,158
43.60024519966026,-96.6318702438489,Iowa,129,145,120,117,111,123,128,101,113,157
44.88360935643892,-97.0411202808736,Minnesota,126,140,117,108,110,122,127,100,104,157
45.20698786579197,-97.02825059325212,Minnesota,126,140,117,108,110,122,127,100,104,157
45.28117263752271,-96.50694083343387,Minnesota,112,133,105,106,104,120,117,90,91,146
46.0078452899868,-98.57019031180452,South Dakota,125,134,110,106,111,115,120,98,102,150
32.77307044562597,-94.3920999373804,Arkansas,217,223,211,204,207,208,215,203,200,220
32.5386956164723,-94.39654212423564,Louisiana,217,223,211,204,207,208,215,203,200,220
32.257017562566254,-94.574650195374,Louisiana,217,223,211,204,207,208,215,203,200,220
32.41985714298991,-95.25357469307168,Louisiana,217,223,211,204,207,208,215,203,200,220
32.46363308890301,-94.47859563921338,Louisiana,217,223,211,204,207,208,215,203,200,220
31.36413504879441,-95.39553325664215,Louisiana,216,232,219,215,226,216,230,218,202,230
32.01771752947664,-94.62123303424674,Louisiana,216,232,219,215,226,216,230,218,202,230
35.62022695112855,-100.54135655010133,Oklahoma,197,189,187,164,156,170,190,177,155,191
35.40728216464633,-100.81993060167235,Oklahoma,190,179,178,156,141,162,177,174,150,177
34.373393666557625,-100.0868414529442,Texas,206,200,193,181,166,177,205,189,168,193
35.16384460163636,-100.94015155018567,Oklahoma,190,179,178,156,141,162,177,174,150,177
35.25495881568038,-101.35964492456176,Texas,190,179,178,156,141,162,177,174,150,177
35.4022323048916,-101.15383710050692,Oklahoma,190,179,178,156,141,162,177,174,150,177
34.059034860308884,-101.1794575503943,Texas,195,185,181,165,150,168,185,185,151,182
33.77829931112906,-100.87653745098612,Texas,199,191,191,185,167,174,193,187,164,186
34.43222756757146,-101.35958697948632,Texas,195,185,181,165,150,168,185,185,151,182
35.31350915962045,-102.0501860499408,New Mexico,177,174,177,144,135,155,161,166,138,156
35.414779901167435,-101.25634360011404,Oklahoma,190,179,178,156,141,162,177,174,150,177
35.443028302126194,-101.37284415025862,Oklahoma,190,179,178,156,141,162,177,174,150,177
35.310278665429934,-101.92290985215602,New Mexico,177,174,177,144,135,155,161,166,138,156
33.86919703889702,-101.843692087841,Texas,199,191,191,185,167,174,193,187,164,186
34.51973651051781,-102.03868650200904,New Mexico,173,181,174,152,130,155,162,173,141,163
34.7733778058479,-102.30454970101296,New Mexico,173,181,174,152,130,155,162,173,141,163
34.77294211778746,-102.29813426488708,New Mexico,173,181,174,152,130,155,162,173,141,163
35.29198831277656,-102.58259189990356,New Mexico,177,174,177,144,135,155,161,166,138,156
35.297182452592025,-102.71027817657462,New Mexico,177,174,177,144,135,155,161,166,138,156
41.5127239354405,-120.63445912752265,Oregon,73,99,64,83,91,91,80,98,59,98
46.52846207351406,-116.36752040158218,Idaho,58,95,48,71,78,86,66,91,78,77
46.469154026805086,-116.91079839425775,Idaho,73,105,64,84,91,91,74,100,98,86
44.05087484466421,-123.23181843743616,Oregon,11,19,4,8,9,7,7,16,21,23
45.60639087781853,-121.11532940537236,Oregon,53,77,42,71,75,79,56,88,72,67
45.60368728308112,-121.10805556577957,Oregon,53,77,42,71,75,79,56,88,72,67
45.36072180166632,-122.40804162696112,Oregon,45,68,41,56,69,72,45,73,73,61
44.22616109137002,-120.9327999943445,Oregon,71,99,48,80,83,93,66,91,56,84
43.01396373822589,-120.95589910500668,Oregon,69,97,57,84,87,92,72,98,54,94
42.1739551724489,-121.81351776414223,Oregon,73,99,64,83,91,91,80,98,59,98
39.63088448009508,-104.71494074877504,Colorado,95,96,73,73,76,75,88,58,67,80
40.00849629298168,-107.9803155224426,Colorado,55,58,49,59,42,65,74,38,63,55
39.9499472522575,-108.33099229676344,Colorado,87,103,80,84,94,93,95,80,84,94
41.12803523413073,-73.42876311065862,Connecticut,88,103,96,105,111,110,110,108,95,121
41.62060337310552,-73.44224371415818,Connecticut,76,91,78,91,93,105,94,81,66,97
41.391656076506806,-73.40219970967934,Connecticut,88,103,96,105,111,110,110,108,95,121
41.61247458479877,-73.06058634664046,Connecticut,74,98,88,92,104,105,102,87,83,101
42.46869110134997,-73.09360048015722,Connecticut,63,84,78,88,91,97,90,73,54,84
41.0866688934584,-74.14609120130116,New Jersey,88,103,96,105,111,110,110,108,95,121
41.017335883386686,-74.12543222004537,New Jersey,88,103,96,105,111,110,110,108,95,121
40.74806526583937,-74.0704174703892,New Jersey,88,103,96,105,111,110,110,108,95,121
40.76314273343424,-73.9431029264677,New Jersey,88,103,96,105,111,110,110,108,95,121
40.70487977381662,-73.98452611119427,New Jersey,88,103,96,105,111,110,110,108,95,121
40.76600353401663,-73.99588408338276,New Jersey,88,103,96,105,111,110,110,108,95,121
40.842514848148525,-73.86374493697717,Connecticut,88,103,96,105,111,110,110,108,95,121
40.66208949703575,-74.00230898244148,New Jersey,88,103,96,105,111,110,110,108,95,121
43.63385254275372,-73.05769378020354,Vermont,56,68,58,76,77,82,67,54,39,71
44.11913615843013,-73.16546606461515,Vermont,53,65,54,76,74,76,69,45,39,70
41.89119532383836,-72.75816031542233,Connecticut,74,98,88,92,104,105,102,87,83,101
42.09056112230934,-72.63498189582965,Connecticut,74,98,88,92,104,105,102,87,83,101
41.5885867663518,-72.86618598538317,Connecticut,74,98,88,92,104,105,102,87,83,101
41.48909107742448,-72.75492974128974,Connecticut,74,98,88,92,104,105,102,87,83,101
41.51046504892708,-72.56973284676091,Connecticut,74,98,88,92,104,105,102,87,83,101
41.287849110217685,-72.90439732635117,Connecticut,55,63,51,72,66,71,62,57,50,71
41.22772570155247,-73.09840830608437,Connecticut,55,63,51,72,66,71,62,57,50,71
41.8544428535928,-72.52861220686958,Connecticut,74,98,88,92,104,105,102,87,83,101
41.77014904988993,-72.55739995657032,Connecticut,74,98,88,92,104,105,102,87,83,101
42.194963913386005,-72.44666548337352,Connecticut,74,98,88,92,104,105,102,87,83,101
41.31463459864793,-72.16546173714363,Rhode Island,55,63,51,72,66,71,62,57,50,71
41.55415835390341,-72.59689401171909,Connecticut,74,98,88,92,104,105,102,87,83,101
41.70196705517247,-72.23505582164627,Connecticut,74,98,88,92,104,105,102,87,83,101
41.48828455250506,-72.49270439540628,Connecticut,74,98,88,92,104,105,102,87,83,101
41.42873849381065,-72.10441614930446,Rhode Island,55,63,51,72,66,71,62,57,50,71
41.461094710023325,-72.47719516694976,Connecticut,55,63,51,72,66,71,62,57,50,71
41.8748118342527,-71.89594260355419,Rhode Island,74,98,88,92,104,105,102,87,83,101
41.88129293918709,-71.89127928820005,Rhode Island,74,98,88,92,104,105,102,87,83,101
42.01020504889343,-71.67363625017545,Rhode Island,60,86,68,82,89,90,88,76,69,81
43.16759490551255,-70.81782455508518,Massachusetts,71,93,85,94,100,99,99,83,77,99
43.14186312937062,-71.18482748915453,Massachusetts,71,93,85,94,100,99,99,83,77,99
43.09823516643048,-70.79234543784845,Massachusetts,71,93,85,94,100,99,99,83,77,99
43.66324711320341,-70.55337889170308,New Hampshire,40,42,29,49,49,47,44,36,26,51
42.90455229133992,-71.34235617608276,Massachusetts,71,93,85,94,100,99,99,83,77,99
43.64439624085001,-70.43234280519458,New Hampshire,40,42,29,49,49,47,44,36,26,51
43.93188225729492,-70.20303207595207,New Hampshire,40,42,29,49,49,47,44,36,26,51
44.14109514398281,-70.18583477362883,New Hampshire,40,42,29,49,49,47,44,36,26,51
43.78154485509346,-70.20331114477958,New Hampshire,40,42,29,49,49,47,44,36,26,51
43.953537743796446,-69.69548829004704,Maine,40,42,29,49,49,47,44,36,26,51
43.75155008862601,-70.15670413446252,New Hampshire,40,42,29,49,49,47,44,36,26,51
44.29688326592368,-69.55641218040951,Maine,50,66,54,68,73,68,71,48,53,69
44.574021718248325,-69.50913517406235,Maine,50,66,54,68,73,68,71,48,53,69
44.74026558777178,-68.75404539129337,Maine,56,73,66,72,74,79,73,53,62,74
43.99106669835307,-69.67141750642222,Maine,40,42,29,49,49,47,44,36,26,51
44.73840364106282,-68.75229075731498,Maine,56,73,66,72,74,79,73,53,62,74
45.39724822982473,-68.52926552822863,Maine,50,60,56,66,66,66,60,44,53,64
45.39737346018224,-68.52578330261132,Maine,50,60,56,66,66,66,60,44,53,64
41.68563816562379,-70.35042817668733,Massachusetts,22,20,8,31,32,30,20,28,25,39
41.90684867608679,-70.62921883111667,Massachusetts,60,86,68,82,89,90,88,76,69,81
41.76911498893788,-70.51066691005639,Massachusetts,22,20,8,31,32,30,20,28,25,39
41.88217931260562,-70.65619707429784,Massachusetts,60,86,68,82,89,90,88,76,69,81
42.07812202581351,-70.97398363713565,Massachusetts,60,86,68,82,89,90,88,76,69,81
41.8979776603757,-70.78852045689277,Massachusetts,60,86,68,82,89,90,88,76,69,81
41.97181018639584,-71.01705708005449,Massachusetts,60,86,68,82,89,90,88,76,69,81
42.13925174191922,-71.44856629617388,Massachusetts,60,86,68,82,89,90,88,76,69,81
42.13130192140184,-71.26823144695189,Massachusetts,60,86,68,82,89,90,88,76,69,81
42.01997220734402,-71.33536254998836,Massachusetts,60,86,68,82,89,90,88,76,69,81
41.71381705037856,-71.19098638159917,Rhode Island,60,86,68,82,89,90,88,76,69,81
41.96965400568029,-71.5389981939458,Rhode Island,60,86,68,82,89,90,88,76,69,81
42.10924542744699,-71.45180443594873,Massachusetts,60,86,68,82,89,90,88,76,69,81
42.35303249182606,-71.05990712983773,Massachusetts,60,86,68,82,89,90,88,76,69,81
42.33966373169193,-71.0385797071865,Massachusetts,60,86,68,82,89,90,88,76,69,81
42.39128078403342,-71.1432356306631,Massachusetts,60,86,68,82,89,90,88,76,69,81
42.46208695536413,-71.15424636012143,Massachusetts,71,93,85,94,100,99,99,83,77,99
42.16716696519333,-70.9984491175471,Massachusetts,60,86,68,82,89,90,88,76,69,81
42.14159003436511,-71.10092508642137,Massachusetts,60,86,68,82,89,90,88,76,69,81
42.44517841712866,-71.2663773367646,Massachusetts,71,93,85,94,100,99,99,83,77,99
42.47177769201553,-71.04549717723927,Massachusetts,71,93,85,94,100,99,99,83,77,99
42.27352106408359,-71.12058702439359,Massachusetts,60,86,68,82,89,90,88,76,69,81
42.505213426189066,-71.04164610274584,Massachusetts,71,93,85,94,100,99,99,83,77,99
42.62298597218875,-71.242431089138,Massachusetts,71,93,85,94,100,99,99,83,77,99
42.56839102025195,-71.53037122647378,Massachusetts,71,93,85,94,100,99,99,83,77,99
42.74432127117919,-71.11367222293511,Massachusetts,71,93,85,94,100,99,99,83,77,99
42.83293277449437,-70.97244667967851,Massachusetts,71,93,85,94,100,99,99,83,77,99
42.36034031499945,-71.77608513680984,Massachusetts,60,86,68,82,89,90,88,76,69,81
42.187969243562975,-71.73746935012284,Massachusetts,60,86,68,82,89,90,88,76,69,81
42.12882639575266,-71.99707237368573,Rhode Island,74,98,88,92,104,105,102,87,83,101
42.05950929978027,-71.51373760533309,Massachusetts,60,86,68,82,89,90,88,76,69,81
42.091785013723175,-71.48369721489247,Massachusetts,60,86,68,82,89,90,88,76,69,81
42.79149453222211,-71.37686965637779,Massachusetts,71,93,85,94,100,99,99,83,77,99
42.197971970804055,-72.50833301831082,Connecticut,74,98,88,92,104,105,102,87,83,101
42.61105579596863,-72.4684516644016,Connecticut,63,84,78,88,91,97,90,73,54,84
42.78322220700687,-72.51914263748236,Connecticut,63,84,78,88,91,97,90,73,54,84
42.83133282407631,-71.48355381604922,Massachusetts,71,93,85,94,100,99,99,83,77,99
42.790717835145216,-71.37772903438268,Massachusetts,71,93,85,94,100,99,99,83,77,99
42.80896492330784,-71.59279506179067,Massachusetts,71,93,85,94,100,99,99,83,77,99
42.94989072370735,-70.8688989219557,Massachusetts,71,93,85,94,100,99,99,83,77,99
42.80027373583071,-72.14815451465688,Massachusetts,63,84,78,88,91,97,90,73,54,84
42.009775650536646,-71.6695277073775,Rhode Island,60,86,68,82,89,90,88,76,69,81
41.68320531773132,-71.47944604288793,Rhode Island,60,86,68,82,89,90,88,76,69,81
42.780137224602,-72.51593654468913,Massachusetts,63,84,78,88,91,97,90,73,54,84
42.96819545292766,-72.65233285030318,Vermont,63,84,78,88,91,97,90,73,54,84
43.429136007201365,-72.66015379461786,Vermont,56,68,58,76,77,82,67,54,39,71
39.60820207865456,-75.62636774823066,Delaware,112,109,103,123,127,118,118,117,99,136
39.63319199800627,-75.73047913478742,Delaware,112,109,103,123,127,118,118,117,99,136
39.4681328047353,-75.53396630679669,Delaware,98,106,109,113,114,108,120,107,95,121
41.72685543885677,-90.306288985945,Illinois,132,139,133,127,116,129,132,112,110,147
42.34242275666001,-89.19278346608861,Wisconsin,129,135,123,129,119,128,129,111,110,151
42.29401316129434,-88.96929017079358,Wisconsin,129,135,123,129,119,128,129,111,110,151
42.21637091449454,-88.97530194751468,Illinois,129,135,123,129,119,128,129,111,110,151
42.07391948693308,-89.28659723959291,Illinois,129,135,123,129,119,128,129,111,110,151
42.97702781860693,-89.04261213738697,Wisconsin,117,130,107,123,107,114,124,98,99,137
42.31722850091244,-89.0877713498258,Wisconsin,129,135,123,129,119,128,129,111,110,151
41.39019431558471,-88.27495173267,Illinois,140,138,141,134,125,135,135,121,120,155
42.25733951445624,-88.43944369179451,Illinois,129,135,123,129,119,128,129,111,110,151
42.2550267317395,-88.30224177223656,Illinois,129,135,123,129,119,128,129,111,110,151
42.254748277579885,-88.2518354882693,Illinois,129,135,123,129,119,128,129,111,110,151
42.31348857129986,-87.97579435088072,Illinois,114,115,99,111,107,112,117,92,93,125
42.06372459228688,-88.2401373143782,Illinois,129,135,123,129,119,128,129,111,110,151
41.70740765796327,-88.23256847096039,Illinois,129,135,123,129,119,128,129,111,110,151
41.7977831733412,-88.23342102627926,Illinois,129,135,123,129,119,128,129,111,110,151
41.982855535320326,-88.24056058087172,Illinois,129,135,123,129,119,128,129,111,110,151
41.89583826300054,-88.04666523862613,Illinois,114,115,99,111,107,112,117,92,93,125
41.685871562969766,-88.47605941883911,Illinois,129,135,123,129,119,128,129,111,110,151
41.84465735037769,-88.25545980085155,Illinois,129,135,123,129,119,128,129,111,110,151
41.82328235426223,-88.25974266241232,Illinois,129,135,123,129,119,128,129,111,110,151
41.43894460033484,-88.11542853135423,Illinois,138,137,138,131,126,134,131,121,118,149
41.68318888955913,-88.47935718578668,Illinois,129,135,123,129,119,128,129,111,110,151
41.35320447865131,-88.34712336796903,Illinois,140,138,141,134,125,135,135,121,120,155
41.39779884122967,-87.95258721363038,Illinois,138,137,138,131,126,134,131,121,118,149
41.21002969611024,-87.91091841521204,Illinois,138,137,138,131,126,134,131,121,118,149
41.24441616132781,-88.66518460615168,Illinois,140,138,141,134,125,135,135,121,120,155
41.49440645958303,-87.82514278880285,Illinois,114,115,99,111,107,112,117,92,93,125
41.624934860675225,-87.93256693170147,Illinois,114,115,99,111,107,112,117,92,93,125
41.39965934516752,-87.94908639511347,Illinois,138,137,138,131,126,134,131,121,118,149
42.5384194898756,-87.90821809653578,Wisconsin,88,96,73,95,81,92,97,65,64,99
42.11546501710611,-87.92031863311291,Illinois,114,115,99,111,107,112,117,92,93,125
42.44712816155477,-87.80537616085526,Wisconsin,88,96,73,95,81,92,97,65,64,99
43.00885941428192,-88.17332978854097,Wisconsin,117,130,107,123,107,114,124,98,99,137
42.27856720043787,-87.86663104932973,Illinois,114,115,99,111,107,112,117,92,93,125
42.05044514252888,-87.75651976391438,Illinois,114,115,99,111,107,112,117,92,93,125
42.08186964311005,-87.76514443401133,Illinois,114,115,99,111,107,112,117,92,93,125
42.12648698829899,-87.78556762690084,Illinois,114,115,99,111,107,112,117,92,93,125
42.05595651140893,-87.83269228028733,Illinois,114,115,99,111,107,112,117,92,93,125
42.05021038366627,-87.8963221280885,Illinois,114,115,99,111,107,112,117,92,93,125
41.98027857660264,-87.99579818277215,Illinois,114,115,99,111,107,112,117,92,93,125
41.94698614025314,-88.03242648385361,Illinois,114,115,99,111,107,112,117,92,93,125
41.92875022908254,-88.07962396772666,Illinois,114,115,99,111,107,112,117,92,93,125
41.802208121975056,-87.8232010683888,Illinois,114,115,99,111,107,112,117,92,93,125
41.63040663313715,-88.09519323641742,Illinois,114,115,99,111,107,112,117,92,93,125
41.760994760851176,-87.76503961116032,Illinois,114,115,99,111,107,112,117,92,93,125
41.75304179736125,-87.79314775193197,Illinois,114,115,99,111,107,112,117,92,93,125
41.64303658224897,-87.85308702928141,Illinois,114,115,99,111,107,112,117,92,93,125
41.85998061631358,-88.0433049564545,Illinois,114,115,99,111,107,112,117,92,93,125
41.89451542924027,-88.04351256617271,Illinois,114,115,99,111,107,112,117,92,93,125
41.79980357057887,-88.05875567392278,Illinois,114,115,99,111,107,112,117,92,93,125
41.63820939870707,-88.09483007521395,Illinois,114,115,99,111,107,112,117,92,93,125
41.83330915048844,-88.04592600051505,Illinois,114,115,99,111,107,112,117,92,93,125
41.92299133923535,-87.92267746859498,Illinois,114,115,99,111,107,112,117,92,93,125
41.81134859585302,-87.78522063405269,Illinois,114,115,99,111,107,112,117,92,93,125
41.522804017183965,-86.36093337363059,Indiana,120,119,106,115,109,115,122,96,97,127
41.60073855518014,-87.8187887788818,Illinois,114,115,99,111,107,112,117,92,93,125
41.43106810978673,-87.61913243869974,Indiana,138,137,138,131,126,134,131,121,118,149
41.63683685777509,-87.66687925552021,Indiana,114,115,99,111,107,112,117,92,93,125
41.569657900600205,-87.5676655505625,Indiana,114,115,99,111,107,112,117,92,93,125
41.60206509114657,-87.54880126676575,Indiana,114,115,99,111,107,112,117,92,93,125
41.44205474401657,-87.75125436237103,Illinois,138,137,138,131,126,134,131,121,118,149
41.715288413021774,-87.54600745938747,Indiana,114,115,99,111,107,112,117,92,93,125
41.545697513462784,-87.51589799011097,Indiana,114,115,99,111,107,112,117,92,93,125
41.53391725388504,-87.10207488185308,Indiana,114,115,99,111,107,112,117,92,93,125
41.560338340194605,-87.46503933552773,Indiana,114,115,99,111,107,112,117,92,93,125
41.62262442660023,-87.4299065016187,Indiana,114,115,99,111,107,112,117,92,93,125
41.537924490320464,-87.28274524438311,Indiana,114,115,99,111,107,112,117,92,93,125
41.7062403766384,-86.48380084890111,Indiana,120,119,106,115,109,115,122,96,97,127
40.77131569816584,-86.86764680370415,Indiana,135,133,130,126,122,127,132,116,112,145
40.98345953675162,-85.34122595516457,Indiana,131,126,118,124,115,127,124,111,105,134
41.063867554043625,-85.467270987118,Indiana,131,126,118,124,115,127,124,111,105,134
41.66879026435874,-86.13650538694036,Indiana,120,119,106,115,109,115,122,96,97,127
41.62291489586108,-86.25579777729894,Indiana,120,119,106,115,109,115,122,96,97,127
40.47401427133294,-85.91515539354586,Indiana,138,136,137,129,125,131,135,125,118,149
41.70649951000958,-85.86299951829699,Indiana,120,119,106,115,109,115,122,96,97,127
40.332857513902006,-83.43073080249884,Ohio,131,124,118,126,116,126,125,116,112,139
41.01430266342804,-84.9772697048744,Indiana,131,126,118,124,115,127,124,111,105,134
40.2367626574749,-85.3057246345947,Indiana,132,128,123,126,117,130,128,120,114,143
41.17174741955098,-85.09592871821242,Indiana,131,126,118,124,115,127,124,111,105,134
39.99186104344877,-85.59318909583025,Indiana,132,128,123,126,117,130,128,120,114,143
40.928411020377176,-84.73924593861292,Indiana,131,126,118,124,115,127,124,111,105,134
38.74584374888566,-85.03514642733418,Kentucky,135,133,131,130,126,134,131,132,118,150
39.26683263493432,-85.21904439120668,Indiana,135,133,131,130,126,134,131,132,118,150
37.63673498660504,-84.62629539999465,Kentucky,144,130,140,136,136,132,134,141,133,146
38.47772692682884,-82.39503633197921,West Virginia,131,119,111,121,127,124,121,124,114,128
38.173134410749874,-82.61911020738127,Kentucky,131,119,111,121,127,124,121,124,114,128
38.560504202481845,-76.688722636382,Maryland,108,113,122,121,126,117,123,117,117,138
39.0457666584331,-76.67635740069525,Maryland,124,123,130,133,144,126,135,129,123,150
39.68694517761463,-76.54050674604942,Maryland,112,109,103,123,127,118,118,117,99,136
39.86792387583967,-77.1679007952133,Maryland,110,108,96,115,116,115,110,105,89,132
39.75310569214926,-76.26721091793411,Maryland,112,109,103,123,127,118,118,117,99,136
38.7001858189467,-76.82781177253217,Maryland,124,123,130,133,144,126,135,129,123,150
38.738265260964646,-76.8710191586055,Maryland,124,123,130,133,144,126,135,129,123,150
38.551743643386,-77.27815322661358,Maryland,129,129,136,141,145,133,139,134,132,154
39.18545406284804,-77.03652063218203,Maryland,118,118,115,124,128,125,125,123,112,141
39.29629586166323,-77.51532390602875,Maryland,118,118,115,124,128,125,125,123,112,141
39.5156450051887,-77.9174710553066,Maryland,118,118,115,124,128,125,125,123,112,141
39.0754768199622,-77.53151570062302,Maryland,118,118,115,124,128,125,125,123,112,141
39.49934606996369,-78.91634256731203,West Virginia,111,103,89,112,112,108,113,104,92,118
42.2658345299971,-85.7679821306148,Indiana,120,119,106,115,109,115,122,96,97,127
42.1892769056241,-86.3344114977547,Indiana,120,119,106,115,109,115,122,96,97,127
39.4634296515657,-75.53258683830776,Delaware,98,106,109,113,114,108,120,107,95,121
39.58620819675626,-75.24745252821576,New Jersey,103,112,111,119,128,118,130,122,106,142
39.74150416472413,-74.96292669410484,New Jersey,103,112,111,119,128,118,130,122,106,142
40.991568502442,-74.63534575025876,New Jersey,87,98,90,101,105,111,102,98,76,111
40.5445002562843,-74.74308369790884,New Jersey,87,98,90,101,105,111,102,98,76,111
40.81987343312045,-74.33078769288832,New Jersey,88,103,96,105,111,110,110,108,95,121
41.49761368790335,-75.61008473623647,Pennsylvania,73,89,68,86,89,100,83,71,59,84
40.27831530123117,-75.32633546996217,New Jersey,103,112,111,119,128,118,130,122,106,142
40.48187807444498,-75.58309437156733,New Jersey,103,112,111,119,128,118,130,122,106,142
40.40552596611201,-74.48520973488336,New Jersey,103,112,111,119,128,118,130,122,106,142
40.24054228537874,-74.51841072199916,New Jersey,103,112,111,119,128,118,130,122,106,142
40.20143873635829,-74.36048105419601,New Jersey,70,79,71,80,84,84,84,79,64,88
40.64454859498852,-74.20614704678641,New Jersey,88,103,96,105,111,110,110,108,95,121
40.694104137461096,-74.10560362710261,New Jersey,88,103,96,105,111,110,110,108,95,121
40.66941672002429,-74.17458715370914,New Jersey,88,103,96,105,111,110,110,108,95,121
40.62399416478452,-74.21112803477254,New Jersey,88,103,96,105,111,110,110,108,95,121
40.58944615744976,-74.19659076575928,New Jersey,88,103,96,105,111,110,110,108,95,121
36.7104174914341,-76.5804289861377,Virginia,138,144,162,158,162,145,154,163,154,175
36.6900358279405,-76.18986331514759,Virginia,138,144,162,158,162,145,154,163,154,175
39.88783363984736,-82.56862529383282,Ohio,122,114,112,126,114,123,118,110,104,134
39.99142842474659,-82.64812670408232,Ohio,122,114,112,126,114,123,118,110,104,134
39.87133765151558,-82.89988473300794,Ohio,122,114,112,126,114,123,118,110,104,134
40.096009861735006,-82.7480186572143,Ohio,122,114,112,126,114,123,118,110,104,134
40.07491810325359,-82.74439038750737,Ohio,122,114,112,126,114,123,118,110,104,134
40.69432832428182,-82.79974102932478,Ohio,124,116,101,118,111,122,118,105,95,128
41.37464413976709,-82.72986732180426,Ohio,124,116,101,118,111,122,118,105,95,128
41.59705077801655,-83.08954347492353,Ohio,85,96,76,97,91,102,105,76,62,93
41.43155242249531,-81.65994698888402,Ohio,117,103,90,116,109,119,111,95,92,120
41.36137676228169,-81.57116337151655,Ohio,117,103,90,116,109,119,111,95,92,120
41.16895952240565,-81.88289150280461,Ohio,124,116,101,118,111,122,118,105,95,128
41.41085455081861,-82.12619312906443,Ohio,124,116,101,118,111,122,118,105,95,128
40.720798485523225,-81.54069033954036,Ohio,117,103,90,116,109,119,111,95,92,120
40.096625503222754,-82.01861785295476,Ohio,122,114,112,126,114,123,118,110,104,134
38.975826797165006,-81.94210855990177,West Virginia,125,116,110,125,122,125,121,122,115,140
38.9617684005522,-81.92963615293581,West Virginia,125,116,110,125,122,125,121,122,115,140
41.30356474837141,-81.47419506331107,Ohio,117,103,90,116,109,119,111,95,92,120
41.11975587449528,-81.22702979183289,Ohio,117,103,90,116,109,119,111,95,92,120
40.7733719347485,-81.32913652504322,Ohio,117,103,90,116,109,119,111,95,92,120
41.17763045807765,-80.82436349613866,West Virginia,117,103,90,116,109,119,111,95,92,120
40.25324633863123,-80.65053290508715,West Virginia,120,105,95,119,107,114,114,104,96,122
40.742919638195,-81.33777530829757,Ohio,117,103,90,116,109,119,111,95,92,120
41.13526549218485,-80.44809041727528,West Virginia,102,96,75,110,97,110,104,82,75,113
40.45407799275271,-80.56983078137917,West Virginia,108,93,74,112,95,110,106,82,81,113
40.40442005152562,-80.1215300921239,West Virginia,108,93,74,112,95,110,106,82,81,113
40.022401497483614,-80.80628997030705,West Virginia,120,105,95,119,107,114,114,104,96,122
38.74163399547007,-85.4382930043483,Kentucky,135,133,131,130,126,134,131,132,118,150
39.56013531134558,-83.1763229432551,Ohio,130,122,120,130,128,131,127,123,117,144
38.63947351534979,-83.6925193462032,Kentucky,130,122,120,130,128,131,127,123,117,144
39.39681533716164,-83.10029660617128,Ohio,125,116,110,125,122,125,121,122,115,140
40.06190971077047,-83.19319136298488,Ohio,131,124,118,126,116,126,125,116,112,139
40.10200920312279,-83.19608661096424,Ohio,131,124,118,126,116,126,125,116,112,139
40.01016947505937,-83.11601941401513,Ohio,122,114,112,126,114,123,118,110,104,134
39.86187420847093,-83.1184351868523,Ohio,122,114,112,126,114,123,118,110,104,134
40.12406587032525,-82.84508414489598,Ohio,122,114,112,126,114,123,118,110,104,134
40.22884615141646,-82.85262093086544,Ohio,122,114,112,126,114,123,118,110,104,134
40.182149372337534,-83.0114163396202,Ohio,122,114,112,126,114,123,118,110,104,134
40.21083998943385,-83.0920790758632,Ohio,122,114,112,126,114,123,118,110,104,134
39.70862420966795,-84.00154348668484,Ohio,131,124,118,126,116,126,125,116,112,139
40.2306885591315,-82.84655004312971,Ohio,122,114,112,126,114,123,118,110,104,134
40.25926583466455,-83.08693935450015,Ohio,122,114,112,126,114,123,118,110,104,134
39.83353712127592,-80.80592982569745,West Virginia,120,105,95,119,107,114,114,104,96,122
41.02094474399807,-83.29929172656851,Ohio,131,123,114,120,115,126,122,111,103,134
41.47474618708749,-83.4513599482471,Ohio,117,115,106,117,105,116,123,97,92,116
41.6906861830908,-83.43406327419702,Ohio,117,115,106,117,105,116,123,97,92,116
39.07661939876589,-83.9078408737613,Kentucky,130,122,120,130,128,131,127,123,117,144
39.397746547052186,-83.8547720284537,Ohio,130,122,120,130,128,131,127,123,117,144
40.67741202098805,-84.18322253364197,Ohio,131,123,114,120,115,126,122,111,103,134
40.58656316182109,-83.73146732735697,Ohio,131,123,114,120,115,126,122,111,103,134
40.800678971856165,-84.02924353242227,Ohio,131,123,114,120,115,126,122,111,103,134
41.13873547408286,-83.46109755768457,Ohio,131,123,114,120,115,126,122,111,103,134
41.66870580399591,-83.4422932478442,Ohio,117,115,106,117,105,116,123,97,92,116
41.47531085043243,-83.9185457265673,Ohio,117,115,106,117,105,116,123,97,92,116
41.473643255231806,-83.63321646195192,Ohio,117,115,106,117,105,116,123,97,92,116
41.72222084266489,-83.77939389623629,Ohio,117,115,106,117,105,116,123,97,92,116
41.60145530397447,-83.90992107163218,Ohio,117,115,106,117,105,116,123,97,92,116
38.99168103274995,-84.29646150170025,Kentucky,130,122,120,130,128,131,127,123,117,144
39.30583210413659,-84.24940158590465,Kentucky,130,122,120,130,128,131,127,123,117,144
38.99047927865806,-84.29048764872996,Kentucky,130,122,120,130,128,131,127,123,117,144
39.3274649676107,-84.44936478775598,Kentucky,135,133,131,130,126,134,131,132,118,150
39.60056809784657,-84.09561048999217,Ohio,131,124,118,126,116,126,125,116,112,139
39.76672665949757,-83.97853955076371,Ohio,131,124,118,126,116,126,125,116,112,139
40.288615172640334,-84.08617667491066,Ohio,131,124,118,126,116,126,125,116,112,139
40.92948680331492,-84.56070004543795,Ohio,131,126,118,124,115,127,124,111,105,134
40.92827200347581,-84.56061779566035,Ohio,131,126,118,124,115,127,124,111,105,134
39.45490179470603,-84.37622890253319,Kentucky,135,133,131,130,126,134,131,132,118,150
40.171464085951975,-75.31006582115516,New Jersey,103,112,111,119,128,118,130,122,106,142
39.76152113210777,-76.27800187181393,Maryland,112,109,103,123,127,118,118,117,99,136
40.454335998078825,-75.50510040471404,New Jersey,103,112,111,119,128,118,130,122,106,142
40.22089071301578,-75.58287816314473,New Jersey,103,112,111,119,128,118,130,122,106,142
40.212255497711176,-75.34703805166593,New Jersey,103,112,111,119,128,118,130,122,106,142
40.45716431912922,-75.50827430494788,New Jersey,103,112,111,119,128,118,130,122,106,142
40.15016057543746,-76.71273843218158,Maryland,112,109,103,123,127,118,118,117,99,136
40.61993210821715,-75.30874535289475,New Jersey,87,98,90,101,105,111,102,98,76,111
40.551723013095234,-75.64251188063889,New Jersey,90,97,80,104,100,104,100,93,71,104
40.42910509126329,-77.1708463757194,Pennsylvania,110,108,96,115,116,115,110,105,89,132
40.57390181557675,-75.561600818253,New Jersey,87,98,90,101,105,111,102,98,76,111
41.08776309781721,-76.14962278934189,Pennsylvania,90,97,80,104,100,104,100,93,71,104
41.11494894902516,-76.15840192599647,Pennsylvania,90,97,80,104,100,104,100,93,71,104
39.73945175224373,-76.30484985899925,Maryland,112,109,103,123,127,118,118,117,99,136
40.836079499902254,-76.82786398903977,Pennsylvania,90,97,80,104,100,104,100,93,71,104
41.81348943046942,-76.99603373951987,Pennsylvania,74,80,58,90,91,92,86,62,51,80
40.38948122128307,-79.0590745545281,West Virginia,106,100,75,107,101,111,104,86,80,109
40.65789415501085,-79.33832801316352,West Virginia,89,91,66,100,91,103,94,68,63,97
41.84223852733811,-78.4092765479173,Pennsylvania,82,83,64,90,86,94,90,63,55,85
40.64159111482023,-79.34600440737215,West Virginia,89,91,66,100,91,103,94,68,63,97
40.801534684609415,-79.79579591947773,West Virginia,102,96,75,110,97,110,104,82,75,113
40.21036540501508,-79.72388982926104,West Virginia,108,93,74,112,95,110,106,82,81,113
40.92830880730363,-79.46662557729344,West Virginia,102,96,75,110,97,110,104,82,75,113
40.166547964129066,-79.72371359325496,West Virginia,108,93,74,112,95,110,106,82,81,113
39.718224104725714,-79.93343939912104,West Virginia,108,93,74,112,95,110,106,82,81,113
40.52968880665416,-79.7968897339726,West Virginia,102,96,75,110,97,110,104,82,75,113
40.72293618380576,-80.09841848673703,West Virginia,102,96,75,110,97,110,104,82,75,113
41.51610467113757,-80.00986632931746,West Virginia,88,81,67,99,87,99,95,65,57,87
41.93456867957655,-80.38463516774958,West Virginia,88,81,67,99,87,99,95,65,57,87
42.06963871179298,-80.04825205951295,Pennsylvania,88,81,67,99,87,99,95,65,57,87
39.74070524599464,-80.0331558209126,West Virginia,108,93,74,112,95,110,106,82,81,113
39.380071792424886,-80.33192625948975,West Virginia,108,93,79,108,100,103,106,93,82,102
39.72790605656906,-79.96045894289647,West Virginia,108,93,74,112,95,110,106,82,81,113
39.20305357217216,-79.27205066777951,West Virginia,111,103,89,112,112,108,113,104,92,118
40.46500415726357,-80.04667411030174,West Virginia,108,93,74,112,95,110,106,82,81,113
40.56630062383978,-80.23558197263876,West Virginia,102,96,75,110,97,110,104,82,75,113
40.99248666965215,-80.43821018302151,West Virginia,102,96,75,110,97,110,104,82,75,113
37.23710415103545,-80.17015332881003,North Carolina,118,108,104,110,121,104,120,110,108,121
38.20491303086168,-81.42066914170324,West Virginia,119,103,94,114,114,107,113,109,96,111
37.381241791365554,-79.89771935665249,West Virginia,118,108,104,110,121,104,120,110,108,121
37.8675495526649,-79.42066635701661,Virginia,104,98,85,108,104,95,107,100,87,105
37.374365578665234,-79.90049545409627,West Virginia,118,108,104,110,121,104,120,110,108,121
37.37560454804682,-79.89325563210285,West Virginia,118,108,104,110,121,104,120,110,108,121
37.42553165782862,-79.03628054578782,Virginia,131,123,134,131,142,129,131,137,130,144
36.63494973457497,-79.70485362152654,North Carolina,131,127,132,122,142,131,131,137,129,143
38.31416287538748,-78.97085201663239,Virginia,120,112,108,119,122,112,122,120,108,129
38.10717346358312,-78.84868213811033,Virginia,120,112,108,119,122,112,122,120,108,129
39.057776759034674,-78.25407823527053,Virginia,111,103,89,112,112,108,113,104,92,118
36.8658547409891,-78.70664380465927,Virginia,131,123,134,131,142,129,131,137,130,144
36.93665236235001,-77.75902219184943,Virginia,138,142,152,152,158,142,145,148,141,166
39.20221969504488,-79.22180022331811,West Virginia,111,103,89,112,112,108,113,104,92,118
38.7908191140885,-77.56523772059388,Maryland,118,118,115,124,128,125,125,123,112,141
38.89499134537724,-77.56819037329208,Maryland,118,118,115,124,128,125,125,123,112,141
38.50126470035829,-77.70846146350507,Virginia,129,129,136,141,145,133,139,134,132,154
37.867446254747584,-78.37928029659355,Virginia,120,112,108,119,122,112,122,120,108,129
37.69767333483257,-77.48431051120879,Virginia,129,129,136,141,145,133,139,134,132,154
38.06116876960204,-77.797196493519,Virginia,129,129,136,141,145,133,139,134,132,154
38.96383193281794,-77.54897840157635,Maryland,118,118,115,124,128,125,125,123,112,141
38.89399875806663,-77.56447713881775,Maryland,118,118,115,124,128,125,125,123,112,141
38.72358361339487,-77.28858706850632,Maryland,118,118,115,124,128,125,125,123,112,141
38.69237140377925,-77.29483147015189,Maryland,118,118,115,124,128,125,125,123,112,141
38.56306950105283,-77.59553744850503,Virginia,129,129,136,141,145,133,139,134,132,154
38.78119086050941,-77.39885935602581,Maryland,118,118,115,124,128,125,125,123,112,141
38.04692984683385,-77.55016201373613,Virginia,129,129,136,141,145,133,139,134,132,154
38.26249516899937,-77.58935358053492,Virginia,129,129,136,141,145,133,139,134,132,154
38.249914481159934,-77.78274921060599,Virginia,129,129,136,141,145,133,139,134,132,154
37.502804332513946,-77.70383299497882,Virginia,138,142,152,152,158,142,145,148,141,166
37.436932637943606,-77.15871325690684,Virginia,138,142,152,152,158,142,145,148,141,166
37.08554370708608,-77.40595720596589,Virginia,138,142,152,152,158,142,145,148,141,166
36.72313925749592,-77.65538501985861,Virginia,138,148,161,159,166,152,149,162,157,176
37.16226564241245,-76.69515111955998,Virginia,107,113,127,122,133,119,120,127,123,138
37.2160410193424,-76.6076808215821,Virginia,107,113,127,122,133,119,120,127,123,138
36.76293055920806,-76.35518289882907,Virginia,107,113,127,122,133,119,120,127,123,138
37.65840869490388,-81.6774977368275,West Virginia,110,94,97,106,111,96,111,99,92,109
38.46879650811992,-81.8268025177677,West Virginia,119,103,94,114,114,107,113,109,96,111
39.34476931833635,-81.30861160495633,West Virginia,120,108,96,122,110,115,117,109,97,126
39.35123623971733,-80.06458527716173,West Virginia,108,93,79,108,100,103,106,93,82,102
26.67298159426922,-81.76902980699722,Florida,270,292,292,301,297,280,280,285,261,273
26.03536778622068,-80.43974991317434,Florida,193,228,259,243,236,221,215,245,231,249
26.709842019230805,-80.37671814221001,Florida,192,225,256,237,238,215,208,241,222,235
28.817155864814108,-81.95527496346284,Florida,200,201,217,209,224,204,209,222,198,217
28.22680435304755,-82.0270057044877,Florida,213,226,248,244,247,215,231,246,213,232
29.7232566516054,-81.76473896989653,Florida,185,190,207,199,215,189,197,224,188,206
29.627942803154653,-81.58131229865852,Florida,185,190,207,199,215,189,197,224,188,206
30.10450985216949,-81.83934068835553,Florida,185,190,207,199,215,189,197,224,188,206
28.384194047677205,-80.91532338938525,Florida,218,246,250,249,251,225,236,253,214,239
29.00428828911343,-81.15869411549451,Florida,218,246,250,249,251,225,236,253,214,239
27.6374051546026,-80.79112349101239,Florida,256,277,280,282,287,262,270,277,242,265
27.05686331306035,-80.56017769398434,Florida,192,225,256,237,238,215,208,241,222,235
27.372165456411903,-80.41582654241826,Florida,181,220,238,214,227,203,208,233,211,232
26.196950321573336,-80.29675226455548,Florida,193,228,259,243,236,221,215,245,231,249
26.692632628976696,-80.37533702805241,Florida,192,225,256,237,238,215,208,241,222,235
25.813223957714985,-80.44063030461592,Florida,193,228,259,243,236,221,215,245,231,249
25.813405761294103,-80.435475305841,Florida,193,228,259,243,236,221,215,245,231,249
28.57502655228542,-82.49849748585156,Florida,200,201,217,209,224,204,209,222,198,217
28.05881478629702,-82.6545262233691,Florida,213,226,248,244,247,215,231,246,213,232
28.527919006200385,-82.50064235455417,Florida,200,201,217,209,224,204,209,222,198,217
28.96057171029909,-82.69789863741538,Florida,200,201,217,209,224,204,209,222,198,217
39.06324045325695,-89.40028385324484,Illinois,158,152,163,145,149,144,156,157,143,174
39.184914174866414,-89.02876328860793,Illinois,151,148,161,146,148,140,153,152,138,174
39.59327843986101,-89.49621723326813,Illinois,146,144,161,141,141,140,149,140,140,167
39.576840455680426,-89.58333430734602,Illinois,158,152,163,145,149,144,156,157,143,174
39.85122177110213,-89.33547608282653,Illinois,144,144,158,142,134,137,147,137,128,166
40.45267097114549,-88.9043467563325,Illinois,144,144,158,142,134,137,147,137,128,166
40.56218441549289,-89.53744563205953,Illinois,145,139,150,134,128,135,141,127,124,157
40.78498262774083,-89.70056871245944,Illinois,145,139,150,134,128,135,141,127,124,157
40.973227947909386,-90.33023463215623,Illinois,145,139,150,134,128,135,141,127,124,157
40.47884070286438,-88.7973996496072,Illinois,144,144,158,142,134,137,147,137,128,166
39.22142415180916,-88.75919704964956,Illinois,151,148,161,146,148,140,153,152,138,174
37.87857450865733,-88.84926506765314,Illinois,162,158,172,151,159,149,160,161,149,180
38.031360134144094,-88.27736692590867,Illinois,162,158,172,151,159,149,160,161,149,180
40.15819762851395,-88.33993385199237,Illinois,144,144,158,142,134,137,147,137,128,166
38.9386824579219,-88.27475118896739,Illinois,151,148,161,146,148,140,153,152,138,174
39.99283178688017,-87.69917993541758,Illinois,141,137,148,138,131,136,140,132,124,155
38.20399387933672,-89.8516638334208,Illinois,166,159,168,152,159,153,159,161,150,179
38.59989753783937,-90.17889446399204,Illinois,166,159,168,152,159,153,159,161,150,179
41.68138281971326,-90.5276562745789,Illinois,132,139,133,127,116,129,132,112,110,147
41.791157825641136,-90.29546666257184,Illinois,132,139,133,127,116,129,132,112,110,147
38.32186617510326,-87.42397243218663,Illinois,157,150,162,151,156,145,153,151,144,173
38.527354861180754,-87.24945848494278,Indiana,157,150,162,151,156,145,153,151,144,173
38.87092471429799,-86.51015729302036,Indiana,144,144,145,136,135,137,141,141,123,158
39.06587390397138,-87.51158569025007,Illinois,150,145,158,142,143,136,146,145,130,169
40.46908620889239,-87.0145878518418,Indiana,141,137,148,138,131,136,140,132,124,155
39.94246585335707,-87.50095459914502,Indiana,141,137,148,138,131,136,140,132,124,155
39.97176104204808,-86.83172822777561,Indiana,138,136,137,129,125,131,135,125,118,149
39.23569860640069,-87.5465552305166,Illinois,150,145,158,142,143,136,146,145,130,169
39.70900551990863,-86.62831619233486,Indiana,138,136,137,129,125,131,135,125,118,149
38.31180060070155,-87.02398515430416,Indiana,157,150,162,151,156,145,153,151,144,173
39.69221788035979,-86.32384873343808,Indiana,138,136,137,129,125,131,135,125,118,149
39.87829434458758,-86.4833990932479,Indiana,138,136,137,129,125,131,135,125,118,149
39.98270797960739,-86.30645645013689,Indiana,138,136,137,129,125,131,135,125,118,149
39.29616782491284,-86.52054156264974,Indiana,144,144,145,136,135,137,141,141,123,158
39.1741194731592,-85.86966769978375,Indiana,144,144,145,136,135,137,141,141,123,158
40.67779116193356,-86.26039978155033,Indiana,135,133,130,126,122,127,132,116,112,145
40.094107318084,-86.16636702208928,Indiana,138,136,137,129,125,131,135,125,118,149
40.09816447751126,-85.97282484582894,Indiana,138,136,137,129,125,131,135,125,118,149
39.71401056293319,-86.05239801992421,Indiana,138,136,137,129,125,131,135,125,118,149
39.78420459420714,-86.30462762631662,Indiana,138,136,137,129,125,131,135,125,118,149
39.85570391570545,-86.22834405823123,Indiana,138,136,137,129,125,131,135,125,118,149
39.88171603374657,-85.45924731875164,Indiana,132,128,123,126,117,130,128,120,114,143
41.334778751372106,-91.55514510025472,Iowa,143,145,157,134,134,136,143,132,130,163
41.57022532271139,-91.53616465505444,Iowa,137,144,136,131,121,134,139,117,118,152
41.90347119976941,-91.8119093061477,Iowa,137,144,136,131,121,134,139,117,118,152
41.93056956382461,-91.70100953940744,Iowa,137,144,136,131,121,134,139,117,118,152
41.55489292660612,-91.22368924022048,Iowa,137,144,136,131,121,134,139,117,118,152
41.61051799605583,-92.56350769490146,Iowa,141,150,138,132,126,138,142,121,119,158
42.58599642820358,-91.90177127244256,Iowa,127,142,126,122,116,124,133,108,104,158
42.54565196740609,-91.0189954973728,Wisconsin,124,136,120,123,111,127,127,105,103,147
41.57504645076613,-90.69034955149051,Illinois,137,144,136,131,121,134,139,117,118,152
41.56516065150701,-90.81175079980692,Illinois,137,144,136,131,121,134,139,117,118,152
42.40229064341131,-90.66378457329732,Wisconsin,137,144,136,131,121,134,139,117,118,152
42.25663664457271,-90.49581292052784,Wisconsin,132,139,133,127,116,129,132,112,110,147
43.48151495330728,-92.61211241319153,Iowa,117,134,108,114,110,120,124,97,98,154
41.67514656341784,-93.49779784630984,Iowa,142,152,140,133,125,138,142,120,122,162
43.55716379597297,-92.68064588794375,Iowa,117,134,108,114,110,120,124,97,98,154
41.54154380239089,-93.5271735292845,Iowa,142,152,140,133,125,138,142,120,122,162
41.45916519090359,-93.68056318212396,Iowa,152,153,154,143,132,142,147,139,137,163
42.79523210348984,-93.29972755008174,Iowa,130,143,126,119,119,122,136,113,114,161
43.10052150137189,-93.29332430402772,Iowa,130,143,126,119,119,122,136,113,114,161
43.25361681632581,-93.29177546457304,Iowa,130,143,126,119,119,122,136,113,114,161
42.77552370135103,-93.41852636147028,Iowa,130,143,126,119,119,122,136,113,114,161
41.33636934201286,-93.90867876300648,Iowa,152,153,154,143,132,142,147,139,137,163
41.50887241654206,-93.92070461738356,Iowa,142,152,140,133,125,138,142,120,122,162
41.621700998320975,-93.91883572712143,Iowa,142,152,140,133,125,138,142,120,122,162
42.371087645688455,-94.11644668817586,Iowa,142,152,140,133,125,138,142,120,122,162
42.56615315504748,-94.09217184428104,Iowa,130,143,126,119,119,122,136,113,114,161
43.17010375436637,-94.15656709949737,Iowa,130,143,126,119,119,122,136,113,114,161
41.46516495152155,-94.60656727762972,Iowa,158,152,151,144,131,143,146,144,133,164
43.20787469345393,-95.58159541697512,Iowa,139,145,129,123,113,126,135,118,113,160
41.19837205350062,-95.79766139997948,Iowa,162,152,151,142,137,142,153,150,137,164
43.66990475870417,-95.14380656275,Iowa,125,143,116,120,112,123,127,105,113,156
42.60298715863198,-96.30626533890847,Iowa,140,146,129,124,115,129,135,121,117,160
37.793481711244,-87.05833072036457,Tennessee,157,150,162,151,156,145,153,151,144,173
38.172926472222855,-85.85095670457478,Kentucky,153,146,152,145,146,145,148,148,135,165
46.05807213283086,-87.50778194892969,Wisconsin,78,100,71,94,81,91,98,62,63,100
46.577003876494445,-87.40724486927712,Wisconsin,62,72,56,78,74,71,76,48,37,71
43.80053967825214,-92.68248432884332,Iowa,117,134,108,114,110,120,124,97,98,154
44.63842344925379,-92.996634312592,Minnesota,104,133,100,110,105,116,116,90,87,143
44.59591818241661,-93.295918231234,Minnesota,110,136,105,114,111,117,121,92,94,151
44.78661355025641,-93.42692850812452,Minnesota,110,136,105,114,111,117,121,92,94,151
44.55506525509436,-93.6568318486792,Minnesota,110,136,105,114,111,117,121,92,94,151
45.03427327495967,-93.03879290486944,Minnesota,104,133,100,110,105,116,116,90,87,143
45.22077128297402,-93.30702314900896,Minnesota,110,136,105,114,111,117,121,92,94,151
45.03019055423047,-92.78118786914324,Minnesota,104,133,100,110,105,116,116,90,87,143
45.460829406628186,-92.9133122676952,Minnesota,93,130,95,105,99,111,111,75,80,127
44.88747852978787,-93.01165134350626,Minnesota,104,133,100,110,105,116,116,90,87,143
47.364096796191774,-92.69066725917348,Minnesota,80,102,71,94,79,99,92,65,62,104
45.89796734288737,-91.52099411196532,Wisconsin,89,123,80,96,87,100,106,67,67,120
44.03448330878776,-92.66965422941996,Iowa,117,134,108,114,110,120,124,97,98,154
44.77515112718594,-93.57014871804492,Minnesota,110,136,105,114,111,117,121,92,94,151
44.51532087894449,-94.82850551750354,Minnesota,119,139,104,112,110,121,121,95,98,153
44.198543577852064,-94.00838881640634,Iowa,125,138,112,121,115,119,127,104,104,154
44.992649113335744,-93.4570115640824,Minnesota,110,136,105,114,111,117,121,92,94,151
44.86278800588947,-93.43532968960352,Minnesota,110,136,105,114,111,117,121,92,94,151
45.330837201546885,-93.84638408516868,Minnesota,102,132,98,107,103,114,112,77,85,141
45.37501976729513,-93.89759839281966,Minnesota,102,132,98,107,103,114,112,77,85,141
45.542919323246274,-94.27436828916755,Minnesota,102,132,98,107,103,114,112,77,85,141
45.56913753004834,-94.03875567818513,Minnesota,102,132,98,107,103,114,112,77,85,141
45.656011194850656,-94.7092157594468,Minnesota,106,132,98,109,101,117,115,85,87,143
45.84723089886045,-95.405646642553,Minnesota,106,132,98,109,101,117,115,85,87,143
43.71206781154034,-95.7195909666272,Iowa,129,145,120,117,111,123,128,101,113,157
44.773477154093975,-95.6017169492138,Minnesota,119,139,104,112,110,121,121,95,98,153
44.80363548749342,-95.52971109202868,Minnesota,119,139,104,112,110,121,121,95,98,153
46.95107086505471,-97.075981161057,Minnesota,113,130,103,99,100,116,115,89,92,144
38.13285120729044,-90.26563261043576,Illinois,166,159,168,152,159,153,159,161,150,179
38.92204123880869,-91.46017806739428,Missouri,161,154,169,144,147,147,156,155,147,174
38.758702639687016,-91.78440206499695,Missouri,161,154,169,144,147,147,156,155,147,174
38.55005941930106,-92.03588003604791,Missouri,178,166,175,146,148,149,161,159,150,172
46.91749280830014,-96.87430570699549,Minnesota,106,125,94,100,92,114,107,84,90,143
44.86436750116562,-96.53965493206832,Minnesota,120,141,110,109,110,122,122,94,105,158
42.84239402050977,-87.83465956822491,Wisconsin,88,96,73,95,81,92,97,65,64,99
42.70584097653637,-87.86838110168705,Wisconsin,88,96,73,95,81,92,97,65,64,99
43.13025171376024,-88.00820490884054,Wisconsin,88,96,73,95,81,92,97,65,64,99
43.37207384496402,-87.9589816031227,Wisconsin,77,93,63,92,76,91,88,55,58,93
43.71102600079547,-87.83833629928037,Wisconsin,77,93,63,92,76,91,88,55,58,93
43.7348861338706,-88.49433175023462,Wisconsin,99,121,90,114,97,108,115,81,82,126
44.28062395961461,-87.53844523814186,Wisconsin,77,93,63,92,76,91,88,55,58,93
44.22074091493036,-88.13184809676082,Wisconsin,99,121,90,114,97,108,115,81,82,126
44.21539390763682,-87.87954875984931,Wisconsin,77,93,63,92,76,91,88,55,58,93
44.342869503422456,-87.53961479949855,Wisconsin,72,94,67,93,76,90,91,50,56,97
44.36880964246105,-88.35454224486504,Wisconsin,93,123,84,110,94,107,110,71,72,123
44.3216478531905,-88.2075563025039,Wisconsin,93,123,84,110,94,107,110,71,72,123
43.48580395518191,-89.41703198848025,Wisconsin,110,126,95,114,100,113,119,88,89,135
43.97972509245444,-88.63297840258578,Wisconsin,99,121,90,114,97,108,115,81,82,126
44.42015890771695,-88.71913327100178,Wisconsin,93,123,84,110,94,107,110,71,72,123
44.838403842095495,-88.19423018275205,Wisconsin,93,123,84,110,94,107,110,71,72,123
44.71994275239242,-88.67474769994172,Wisconsin,93,123,84,110,94,107,110,71,72,123
43.09217169262016,-89.56819983280539,Wisconsin,120,132,112,122,107,119,122,101,102,142
44.50005962140504,-89.60527447128766,Wisconsin,91,121,78,106,89,107,115,69,70,128
43.25680511203037,-89.41639119859052,Wisconsin,120,132,112,122,107,119,122,101,102,142
44.557989104227126,-89.94450414913244,Wisconsin,91,121,78,106,89,107,115,69,70,128
44.847215119023694,-89.65609944741163,Wisconsin,91,121,78,106,89,107,115,69,70,128
43.95315329923306,-91.28269043030518,Wisconsin,113,131,105,116,107,118,119,96,93,143
42.68614031839499,-84.78535876262681,Michigan,118,120,99,118,103,108,118,85,89,126
42.36902720899453,-85.15841132014015,Michigan,125,124,109,120,111,124,123,103,104,128
42.37788199238531,-83.9807897274942,Michigan,117,115,106,117,105,116,123,97,92,116
43.21082980590721,-84.83010879829328,Michigan,118,120,99,118,103,108,118,85,89,126
42.9999453259044,-85.41532899635123,Michigan,118,120,99,118,103,108,118,85,89,126
43.20951175840089,-84.52937627337772,Michigan,118,120,99,118,103,108,118,85,89,126
43.17946970990527,-85.8212803181228,Michigan,94,98,74,102,83,95,101,70,71,100
43.43302690229831,-84.21659265070528,Michigan,80,100,77,102,89,96,98,58,64,99
43.57391071419392,-84.18132324434839,Michigan,80,100,77,102,89,96,98,58,64,99
45.02945192027706,-84.73303926041417,Michigan,85,101,78,101,88,97,99,64,69,98
44.27404875144213,-84.13593725053907,Michigan,80,100,77,102,89,96,98,58,64,99
44.69528619895998,-85.61639673028162,Michigan,85,101,78,101,88,97,99,64,69,98
43.02416123929963,-83.94310247846867,Michigan,108,119,94,117,107,112,120,79,90,119
43.456607155817935,-83.78454078463191,Michigan,80,100,77,102,89,96,98,58,64,99
42.55486951063454,-84.02523253130369,Michigan,108,119,94,117,107,112,120,79,90,119
42.11128826937262,-83.65316415932944,Ohio,117,115,106,117,105,116,123,97,92,116
42.35328661578792,-83.62301216742105,Michigan,117,115,106,117,105,116,123,97,92,116
42.31031944415161,-83.4651658546169,Ohio,117,115,106,117,105,116,123,97,92,116
42.41547501352433,-84.48555804464296,Michigan,118,120,99,118,103,108,118,85,89,126
42.436533793223,-85.60882514151568,Michigan,118,120,99,118,103,108,118,85,89,126
42.923305429927765,-83.45332388564674,Michigan,108,119,94,117,107,112,120,79,90,119
41.83971080472872,-83.77024958834801,Ohio,117,115,106,117,105,116,123,97,92,116
43.36922885582766,-83.69161542185063,Michigan,80,100,77,102,89,96,98,58,64,99
43.81180133814403,-83.11813949825138,Michigan,61,78,57,82,71,73,76,44,41,77
42.71096011440151,-83.4568234134282,Michigan,108,119,94,117,107,112,120,79,90,119
42.512804358688136,-83.5282021189494,Michigan,108,119,94,117,107,112,120,79,90,119
42.73161581454446,-83.28339394872064,Michigan,108,119,94,117,107,112,120,79,90,119
42.71789303147173,-83.00872483695231,Michigan,91,108,86,104,95,104,113,72,74,98
42.4905007141118,-83.44217329216264,Michigan,108,119,94,117,107,112,120,79,90,119
42.11639931032596,-83.24849217659704,Ohio,117,115,106,117,105,116,123,97,92,116
43.829531278474505,-82.86898538938415,Michigan,61,78,57,82,71,73,76,44,41,77
42.79901952312219,-83.00557576642753,Michigan,91,108,86,104,95,104,113,72,74,98
42.91921874140102,-82.70522989288943,Michigan,91,108,86,104,95,104,113,72,74,98
43.10300668766487,-82.70194037199111,Michigan,91,108,86,104,95,104,113,72,74,98
42.66139174615802,-83.12086908464215,Michigan,91,108,86,104,95,104,113,72,74,98
42.47387122835024,-82.99668896330304,Ohio,91,108,86,104,95,104,113,72,74,98
42.59423280181316,-82.99660059784033,Michigan,91,108,86,104,95,104,113,72,74,98
42.76461725855878,-82.47455305397735,Ohio,91,108,86,104,95,104,113,72,74,98
42.72495271511979,-82.84842543181743,Michigan,91,108,86,104,95,104,113,72,74,98
42.96940407682327,-85.80886840986376,Michigan,94,98,74,102,83,95,101,70,71,100
42.81729875318002,-85.55342469444376,Michigan,118,120,99,118,103,108,118,85,89,126
42.832437555102345,-85.97686478817263,Michigan,94,98,74,102,83,95,101,70,71,100
42.91516590452488,-86.19088339822912,Michigan,94,98,74,102,83,95,101,70,71,100
43.88988239344346,-86.44138491582936,Michigan,88,98,75,103,85,91,95,56,69,98
42.9171606645905,-86.12295403035525,Michigan,94,98,74,102,83,95,101,70,71,100
43.946478540872086,-86.36307214236783,Michigan,88,98,75,103,85,91,95,56,69,98
48.39965376333743,-102.84803016172047,North Dakota,93,105,82,87,87,99,100,70,85,128
26.27747462253168,-97.61339780961916,Texas,264,286,271,244,261,273,272,289,248,272
26.34413923940048,-98.18911870427854,Texas,274,297,282,261,279,281,297,300,259,287
26.146627903428097,-97.6427406958916,Texas,264,286,271,244,261,273,272,289,248,272
27.09233255566229,-97.77438883329016,Texas,256,280,263,240,251,266,267,276,236,258
27.0034459020055,-97.58347305007014,Texas,256,280,263,240,251,266,267,276,236,258
27.002598400003706,-97.5842038820338,Texas,256,280,263,240,251,266,267,276,236,258
27.10316055458141,-97.52885522498012,Texas,256,280,263,240,251,266,267,276,236,258
27.1034357901364,-97.52963454221504,Texas,256,280,263,240,251,266,267,276,236,258
27.560527336540066,-97.66883426500146,Texas,243,263,252,231,242,250,268,258,225,250
27.843613856296223,-97.61489523039964,Texas,243,263,252,231,242,250,268,258,225,250
27.93580405382364,-97.36056187605392,Texas,243,263,252,231,242,250,268,258,225,250
28.739599366062148,-98.0239283780265,Texas,235,245,247,232,242,240,260,249,218,242
28.716724925308284,-97.21284487640958,Texas,235,245,247,232,242,240,260,249,218,242
28.79955926594191,-96.05017105093054,Louisiana,199,217,212,199,213,204,217,214,202,213
28.59831345140935,-97.04744485646934,Texas,235,245,247,232,242,240,260,249,218,242
28.842680467073112,-97.83724947014088,Texas,235,245,247,232,242,240,260,249,218,242
28.786770032549057,-97.01033352322396,Texas,235,245,247,232,242,240,260,249,218,242
30.145526027853137,-97.26879955270216,Texas,220,232,232,220,226,220,249,231,210,235
30.251269372367485,-97.487312828107,Texas,214,228,217,200,211,208,228,216,198,228
30.142637956316914,-97.54534892982072,Texas,220,232,232,220,226,220,249,231,210,235
30.145543526601976,-97.5485180361318,Texas,220,232,232,220,226,220,249,231,210,235
30.275384109714363,-97.5397323553377,Texas,214,228,217,200,211,208,228,216,198,228
30.147750254253392,-97.27278845131976,Texas,220,232,232,220,226,220,249,231,210,235
30.57732825750865,-97.07692556697918,Texas,214,228,217,200,211,208,228,216,198,228
30.0443922059908,-96.98651148827214,Texas,220,232,232,220,226,220,249,231,210,235
30.417017251119248,-97.3591061997993,Texas,214,228,217,200,211,208,228,216,198,228
29.91829627901357,-96.75517107466617,Texas,223,239,235,223,236,231,248,237,217,237
30.00546976509488,-97.67431165279336,Texas,220,232,232,220,226,220,249,231,210,235
29.79556624290765,-96.87838344371096,Texas,220,232,232,220,226,220,249,231,210,235
29.91360290297165,-96.75614631539264,Texas,223,239,235,223,236,231,248,237,217,237
29.77275547143573,-97.94975785158113,Texas,220,232,232,220,226,220,249,231,210,235
30.3049807040298,-97.6141505043928,Texas,214,228,217,200,211,208,228,216,198,228
30.410050965225533,-97.57383610443893,Texas,214,228,217,200,211,208,228,216,198,228
29.65104120816611,-98.01722594579162,Texas,220,232,232,220,226,220,249,231,210,235
30.55116690814341,-97.56134300759398,Texas,214,228,217,200,211,208,228,216,198,228
30.97212595961536,-97.51111940118254,Texas,214,228,217,200,211,208,228,216,198,228
30.566942781540423,-97.3974326519686,Texas,214,228,217,200,211,208,228,216,198,228
31.12963925910158,-97.26106453544912,Texas,213,224,210,194,200,201,216,206,193,224
31.07909170258602,-97.3075909415196,Texas,214,228,217,200,211,208,228,216,198,228
31.00456535584272,-97.2596030197636,Texas,214,228,217,200,211,208,228,216,198,228
31.056312007237512,-97.31271425235298,Texas,214,228,217,200,211,208,228,216,198,228
31.038522947888566,-97.72279732387388,Texas,214,228,217,200,211,208,228,216,198,228
31.860976669246742,-97.36538081925656,Texas,213,224,210,194,200,201,216,206,193,224
32.014784785128484,-97.1369496338766,Texas,213,224,210,194,200,201,216,206,193,224
32.068875755843685,-97.74789261882052,Texas,214,222,205,197,194,194,211,206,185,225
32.44419389898947,-97.07234494086492,Texas,214,222,205,197,194,194,211,206,185,225
32.6849717945028,-97.47162494259884,Texas,214,222,205,197,194,194,211,206,185,225
32.59615547803755,-97.43999808964531,Texas,214,222,205,197,194,194,211,206,185,225
32.80632598160332,-97.67623221190198,Texas,214,222,205,197,194,194,211,206,185,225
32.640561921412335,-97.25151960544106,Texas,214,222,205,197,194,194,211,206,185,225
32.90501421426365,-97.38394058802444,Oklahoma,214,222,205,197,194,194,211,206,185,225
32.99211786311791,-97.26158946692064,Oklahoma,208,209,205,191,181,194,202,197,182,209
32.2977762317792,-97.78986132339357,Texas,214,222,205,197,194,194,211,206,185,225
33.05614940722611,-97.91029507245054,Texas,208,209,205,191,181,194,202,197,182,209
33.06618396987141,-97.0095724630034,Oklahoma,208,209,205,191,181,194,202,197,182,209
33.17576670840672,-97.2191791503328,Oklahoma,208,209,205,191,181,194,202,197,182,209
33.32485750494737,-97.31048816541649,Oklahoma,208,209,205,191,181,194,202,197,182,209
33.27719370663026,-98.10680135724846,Texas,208,209,205,191,181,194,202,197,182,209
33.3181587163426,-96.63956055302646,Oklahoma,208,211,206,187,192,187,204,195,182,210
34.0852615666393,-99.14533488828432,Oklahoma,207,205,198,181,179,184,203,192,173,200
32.98454154712305,-96.93845292825236,Oklahoma,208,209,205,191,181,194,202,197,182,209
33.19071335524054,-96.33793895696706,Oklahoma,208,211,206,187,192,187,204,195,182,210
33.61394530485258,-96.3733197250875,Oklahoma,208,211,206,187,192,187,204,195,182,210
33.62745760957504,-96.3703796078682,Oklahoma,208,211,206,187,192,187,204,195,182,210
33.012599805462074,-96.77744645029414,Oklahoma,208,211,206,187,192,187,204,195,182,210
33.05991318898325,-96.70020908016387,Oklahoma,208,211,206,187,192,187,204,195,182,210
32.95796276897408,-96.61221024639124,Oklahoma,215,221,208,197,198,197,206,198,192,216
32.96935675091472,-96.35068106900772,Oklahoma,215,221,208,197,198,197,206,198,192,216
32.7777078895424,-96.82594767028596,Oklahoma,215,221,208,197,198,197,206,198,192,216
32.72789079422391,-96.77415512605036,Oklahoma,215,221,208,197,198,197,206,198,192,216
32.75785702653075,-96.48696386670858,Oklahoma,215,221,208,197,198,197,206,198,192,216
32.55873151139146,-96.72636264569562,Oklahoma,215,221,208,197,198,197,206,198,192,216
31.96396567516578,-96.5179965688661,Texas,217,223,213,204,216,210,222,212,202,227
32.55366955545635,-96.5375284298974,Oklahoma,215,221,208,197,198,197,206,198,192,216
31.897464953811863,-97.01807522476514,Texas,213,224,210,194,200,201,216,206,193,224
31.57474309691643,-96.96438340148173,Texas,213,224,210,194,200,201,216,206,193,224
31.473449179609048,-96.96080518166808,Texas,213,224,210,194,200,201,216,206,193,224
31.371092438931807,-96.13287340058864,Texas,217,223,213,204,216,210,222,212,202,227
31.09127250558225,-96.69355595231488,Texas,220,233,222,215,224,215,238,224,209,232
31.18586331077545,-96.48425369640218,Texas,217,223,213,204,216,210,222,212,202,227
29.96259299307344,-96.68792178155516,Texas,223,239,235,223,236,231,248,237,217,237
30.111212731275955,-96.42575465537315,Texas,223,239,235,223,236,231,248,237,217,237
30.02552180089002,-96.99492475073492,Texas,220,232,232,220,226,220,249,231,210,235
29.67785622343097,-97.10585589553428,Texas,220,232,232,220,226,220,249,231,210,235
29.02904062741785,-96.23711634272853,Louisiana,199,217,212,199,213,204,217,214,202,213
28.81551365325217,-97.7406400994446,Texas,235,245,247,232,242,240,260,249,218,242
28.69293505274105,-96.9455828025597,Texas,235,245,247,232,242,240,260,249,218,242
33.63929941893841,-95.58097951821637,Oklahoma,211,210,202,189,199,195,204,198,188,212
33.08553321013551,-95.61640868030864,Oklahoma,211,210,202,189,199,195,204,198,188,212
32.67297683143342,-96.54558184848744,Oklahoma,215,221,208,197,198,197,206,198,192,216
31.890085522221607,-96.11341595411577,Texas,217,223,213,204,216,210,222,212,202,227
31.819544003187644,-96.0574541151624,Louisiana,217,223,213,204,216,210,222,212,202,227
31.42474846978609,-96.24708773072638,Texas,217,223,213,204,216,210,222,212,202,227
30.66135111035792,-95.9732776389905,Louisiana,220,233,222,215,224,215,238,224,209,232
30.85881415885638,-96.25887295913442,Texas,220,233,222,215,224,215,238,224,209,232
30.62235986379729,-96.08153888486342,Louisiana,220,233,222,215,224,215,238,224,209,232
31.183318700022056,-96.48451121245316,Texas,217,223,213,204,216,210,222,212,202,227
29.480936521876224,-95.62421637704809,Louisiana,213,232,215,208,227,215,232,228,207,229
28.88636874888637,-96.19110396969717,Louisiana,199,217,212,199,213,204,217,214,202,213
32.23454377052287,-95.94950755384772,Oklahoma,215,221,208,197,198,197,206,198,192,216
30.593882079739373,-95.91896259066156,Louisiana,220,233,222,215,224,215,238,224,209,232
29.910076021902544,-95.77718537000486,Louisiana,223,239,235,223,236,231,248,237,217,237
30.09006842302168,-95.60602824505504,Louisiana,213,232,215,208,227,215,232,228,207,229
29.91534413377937,-95.21631712440876,Louisiana,213,232,215,208,227,215,232,228,207,229
29.673782146068195,-95.71766824899964,Louisiana,223,239,235,223,236,231,248,237,217,237
29.93950983011481,-95.53308632914032,Louisiana,213,232,215,208,227,215,232,228,207,229
29.482709810003048,-95.63053955727813,Louisiana,223,239,235,223,236,231,248,237,217,237
29.823443814233784,-95.57314072334572,Louisiana,213,232,215,208,227,215,232,228,207,229
29.467320858233464,-97.9998642441849,Texas,220,232,232,220,226,220,249,231,210,235
28.98610976770448,-95.35814748873165,Louisiana,192,198,196,183,208,192,194,210,188,195
29.83675305445803,-95.12342550866455,Louisiana,213,232,215,208,227,215,232,228,207,229
29.818459155715697,-95.2182590249754,Louisiana,213,232,215,208,227,215,232,228,207,229
29.94073567106473,-95.36972903703816,Louisiana,213,232,215,208,227,215,232,228,207,229
30.090247652280425,-95.49045252109424,Louisiana,213,232,215,208,227,215,232,228,207,229
29.814667928791785,-95.43482030715975,Louisiana,213,232,215,208,227,215,232,228,207,229
29.45637525033942,-95.3083137409444,Louisiana,213,232,215,208,227,215,232,228,207,229
29.71880136878028,-95.5366976544376,Louisiana,213,232,215,208,227,215,232,228,207,229
29.460358691608945,-95.2579789677888,Louisiana,213,232,215,208,227,215,232,228,207,229
29.487875850699726,-94.9823559329132,Louisiana,213,232,215,208,227,215,232,228,207,229
29.74794832077957,-94.92497303857272,Louisiana,213,232,215,208,227,215,232,228,207,229
31.36992408043568,-94.76858176816091,Louisiana,216,232,219,215,226,216,230,218,202,230
28.704005654078227,-98.47430697471812,Texas,238,251,256,238,245,245,264,254,226,254
29.31254905851201,-98.32038632151075,Texas,220,233,227,216,216,217,244,230,206,244
29.620603572654964,-98.14863560870631,Texas,220,233,227,216,216,217,244,230,206,244
29.78314301108131,-97.99014955493983,Texas,220,232,232,220,226,220,249,231,210,235
29.984999484742264,-98.88663706487245,Texas,220,233,227,216,216,217,244,230,206,244
29.59308505565597,-97.97493196579804,Texas,220,232,232,220,226,220,249,231,210,235
29.580647513371435,-98.40884067480602,Texas,220,233,227,216,216,217,244,230,206,244
29.623186775088307,-98.14105574080853,Texas,220,233,227,216,216,217,244,230,206,244
29.619565624827512,-98.5716179534834,Texas,220,233,227,216,216,217,244,230,206,244
31.5380520809398,-99.194799719698,Texas,209,224,206,196,186,196,219,212,181,222
31.86902029978016,-98.55330740034958,Texas,209,224,206,196,186,196,219,212,181,222
32.33525633543472,-97.7320686833839,Texas,214,222,205,197,194,194,211,206,185,225
33.13854420732397,-98.60945014861312,Texas,208,209,202,197,183,189,212,204,182,210
33.10306749757109,-97.9530956676728,Texas,208,209,205,191,181,194,202,197,182,209
33.80998002415948,-98.60061958132331,Oklahoma,208,209,202,197,183,189,212,204,182,210
33.00137381637691,-99.6054944017247,Texas,207,210,201,194,175,185,215,203,177,203
33.080159601581975,-99.5807394075441,Texas,207,210,201,194,175,185,215,203,177,203
26.457694467372875,-98.73702095263242,Texas,264,291,279,255,268,278,295,292,247,281
26.487494601718048,-98.59449991582096,Texas,264,291,279,255,268,278,295,292,247,281
26.932812473634097,-99.23389477537928,Texas,264,291,279,255,268,278,295,292,247,281
27.327584715681123,-99.41155740046484,Texas,252,289,267,248,266,270,293,289,246,280
26.492620502586025,-98.44830930054482,Texas,264,291,279,255,268,278,295,292,247,281
27.57943929325112,-99.27564284190218,Texas,255,276,272,250,262,271,285,280,237,278
28.927397517048,-99.09262617202631,Texas,238,251,256,238,245,245,264,254,226,254
29.415847744822376,-98.7181850232531,Texas,220,233,227,216,216,217,244,230,206,244
29.25831528975113,-98.38422766728137,Texas,220,233,227,216,216,217,244,230,206,244
29.35018610569765,-98.5752738230297,Texas,220,233,227,216,216,217,244,230,206,244
31.81883300328335,-98.66364780011595,Texas,209,224,206,196,186,196,219,212,181,222
32.63580079288321,-99.53785463046054,Texas,206,207,206,195,177,188,214,207,179,209
32.62926600765866,-99.54129992787968,Texas,206,207,206,195,177,188,214,207,179,209
32.75003990199285,-99.32805272670312,Texas,212,215,212,195,190,194,221,210,184,221
32.531041041483626,-100.68436883898752,Texas,201,201,205,198,177,182,205,198,168,197
33.88653835034736,-98.42943665905143,Oklahoma,208,209,202,197,183,189,212,204,182,210
27.321232132372234,-98.99806828511186,Texas,264,291,279,255,268,278,295,292,247,281
29.07937775142218,-99.04848461752611,Texas,238,251,256,238,245,245,264,254,226,254
29.05992711865239,-98.95039319610436,Texas,238,251,256,238,245,245,264,254,226,254
32.19017773609875,-100.01713065869582,Texas,206,207,206,195,177,188,214,207,179,209
31.52900613895057,-100.32093165942096,Texas,202,215,208,193,178,187,213,212,180,216
32.11718925778832,-100.15481485198865,Texas,206,207,206,195,177,188,214,207,179,209
32.19651450668372,-100.0230565485495,Texas,206,207,206,195,177,188,214,207,179,209
34.082631828736204,-99.1807700058987,Oklahoma,207,205,198,181,179,184,203,192,173,200
33.944272266751824,-99.77405917799028,Texas,206,200,193,181,166,177,205,189,168,193
34.234163010609365,-99.43416366395724,Oklahoma,206,200,193,181,166,177,205,189,168,193
32.52374791793737,-99.82251025211863,Texas,206,207,206,195,177,188,214,207,179,209
32.5247364018189,-99.82239352747877,Texas,206,207,206,195,177,188,214,207,179,209
32.62877033825947,-99.54042049693908,Texas,206,207,206,195,177,188,214,207,179,209
32.768425850618705,-99.42282495001784,Texas,206,207,206,195,177,188,214,207,179,209
32.59869201214308,-100.86201196201424,Texas,201,201,205,198,177,182,205,198,168,197
34.2940190592155,-99.36944041144758,Oklahoma,207,205,198,181,179,184,203,192,173,200
31.04756138583307,-100.54292719569776,Texas,205,227,217,204,190,201,229,222,189,224
32.46422694890199,-100.21690245925312,Texas,206,207,206,195,177,188,214,207,179,209
32.378501918788885,-100.7271695865659,Texas,201,201,205,198,177,182,205,198,168,197
32.43771292299762,-100.3520954043932,Texas,206,207,206,195,177,188,214,207,179,209
32.86022106270168,-101.0088003016268,Texas,201,201,205,198,177,182,205,198,168,197
30.975855461769083,-102.28909180154704,Texas,190,207,210,203,177,184,220,212,177,205
31.513799167076268,-100.5980219542462,Texas,202,215,208,193,178,187,213,212,180,216
31.869273143483227,-100.77693299463768,Texas,200,213,210,202,180,193,218,212,182,208
31.93932620391153,-100.8301843496342,Texas,200,213,210,202,180,193,218,212,182,208
32.003672405437094,-101.27320020747548,Texas,200,213,210,202,180,193,218,212,182,208
31.94070693558679,-100.82704859121976,Texas,200,213,210,202,180,193,218,212,182,208
32.334312869984394,-100.9162203122476,Texas,201,201,205,198,177,182,205,198,168,197
32.398735350998834,-100.64802298351356,Texas,201,201,205,198,177,182,205,198,168,197
32.46996750120073,-100.66604144465748,Texas,201,201,205,198,177,182,205,198,168,197
32.497782664262346,-100.596730027006,Texas,206,207,206,195,177,188,214,207,179,209
32.579691151090735,-100.69251064970685,Texas,201,201,205,198,177,182,205,198,168,197
32.43793590009295,-100.35113652112884,Texas,206,207,206,195,177,188,214,207,179,209
32.44510445079097,-100.74595711956871,Texas,201,201,205,198,177,182,205,198,168,197
32.28587325137181,-100.4952100139167,Texas,206,207,206,195,177,188,214,207,179,209
32.24195914754921,-100.48764735952398,Texas,206,207,206,195,177,188,214,207,179,209
32.64807285689325,-101.39575983691644,Texas,201,201,205,198,177,182,205,198,168,197
31.15275608555041,-102.2227012469288,Texas,196,207,208,196,184,187,210,205,178,203
31.98255180285051,-101.13587649168473,Texas,200,213,210,202,180,193,218,212,182,208
31.95667215101384,-101.30174810008792,Texas,200,213,210,202,180,193,218,212,182,208
31.76604600767221,-101.53149895046867,Texas,200,213,210,202,180,193,218,212,182,208
32.72112505245586,-101.63296700187198,Texas,201,201,205,198,177,182,205,198,168,197
32.1002127416991,-101.4522851478504,Texas,201,201,205,198,177,182,205,198,168,197
34.316785590860015,-101.24078792275895,Texas,195,185,181,165,150,168,185,185,151,182
34.392507650464744,-101.31488700004608,Texas,195,185,181,165,150,168,185,185,151,182
31.769594501967507,-101.52060697563265,Texas,200,213,210,202,180,193,218,212,182,208
32.12403435150882,-101.39608965013832,Texas,201,201,205,198,177,182,205,198,168,197
31.839922226186825,-102.31624425304456,Texas,196,207,208,196,184,187,210,205,178,203
32.16639650701699,-101.88148519938008,Texas,189,192,190,188,166,178,192,190,162,189
32.6506667032066,-101.39611730178828,Texas,201,201,205,198,177,182,205,198,168,197
30.994456950688782,-102.29148624951382,Texas,190,207,210,203,177,184,220,212,177,205
32.03737916392306,-102.24625654967406,Texas,196,207,208,196,184,187,210,205,178,203
31.85823343741917,-102.21594375852384,Texas,196,207,208,196,184,187,210,205,178,203
31.81357457926689,-102.49613974214016,Texas,196,207,208,196,184,187,210,205,178,203
30.948228839418608,-103.36175753998263,Texas,185,202,201,194,176,182,200,201,169,202
