Latitude,Longitude,2025,2026,2027,2028,2029,2030,2035,2040,2045,2050
30.69537766977461,-88.29460565,4,3,4,3,1,0,0,6,2,0
30.531686420644448,-88.55362578,4,3,4,3,1,0,0,6,2,0
30.99558180429329,-88.03157771,1,2,2,3,1,0,0,5,2,0
33.648377065957696,-88.27210704,23,17,6,17,10,15,8,25,25,11
33.64973042660897,-88.27252665,23,17,6,17,10,15,8,25,25,11
33.63060139854332,-87.05560636,24,16,9,16,13,15,8,23,32,20
34.608633740071014,-87.05494025,22,12,2,10,3,12,4,20,13,5
34.70492885996768,-87.11640655,22,12,2,10,3,12,4,20,13,5
33.635669755857165,-88.65209226,23,17,6,17,10,15,8,25,25,11
34.37749630592458,-88.85897851,35,14,3,15,12,23,7,20,18,12
34.718262832587136,-86.84687806,10,10,1,4,1,2,1,5,1,2
34.79600667862292,-86.52114032,10,10,1,4,1,2,1,5,1,2
35.67276163385968,-87.0184109,39,14,3,10,7,18,5,16,9,5
33.21986413219487,-87.06300926,24,16,9,16,13,15,8,23,32,20
33.74017653550816,-86.55813648,10,10,2,7,8,6,2,13,11,11
32.651189225192134,-86.73265067,15,6,8,13,14,7,3,21,20,12
34.194901551567675,-86.74822643,10,10,1,4,1,2,1,5,1,2
32.377865411546225,-86.58362323,15,6,8,13,14,7,3,21,20,12
32.22904737872409,-86.26056605,15,6,8,13,14,7,3,21,20,12
34.71021869255719,-85.92902564,10,10,1,4,1,2,1,5,1,2
31.22335773834752,-85.11616463,11,3,7,8,10,2,1,15,16,8
32.609875278878334,-84.91568674,13,7,9,10,10,5,2,17,18,12
31.367150110837105,-84.10675207,7,3,6,5,7,2,1,15,15,6
35.68031232333246,-91.41250158,64,31,26,40,24,39,24,41,36,37
34.956861962763774,-92.0488755,74,53,41,45,36,53,41,53,45,45
35.31205866,-93.22741327,74,55,48,48,31,51,46,50,46,44
34.633820766605524,-92.41076826,73,50,43,47,32,53,44,52,56,48
35.29979621022583,-94.43093874,83,66,55,58,26,56,55,50,49,59
35.24318160662274,-92.71390442,74,53,41,45,36,53,41,53,45,45
31.293079793909985,-81.68059537,0,0,0,0,0,0,0,0,0,0
31.934990444290342,-82.34732675,9,4,7,4,11,1,1,17,12,6
33.145746082969495,-81.76278448,12,9,4,7,10,4,2,16,13,11
32.88471545780476,-82.41619717,10,9,6,7,13,4,2,19,20,13
33.454511219722065,-82.41463244,14,9,5,7,10,7,5,17,16,16
32.35416955600418,-81.18202289,6,7,3,4,6,1,1,12,6,9
33.11960996146089,-82.85952057,14,9,5,7,10,7,5,17,16,16
32.27422654224199,-81.2819122,6,7,3,4,6,1,1,12,6,9
30.27231704257476,-81.95295399,8,2,6,4,9,1,0,14,4,4
31.47839299490529,-83.54914961,7,3,6,5,7,2,1,15,15,6
32.56490454497207,-83.59957092,10,8,6,6,9,5,1,16,16,10
33.06048502711816,-83.81269421,8,8,3,5,7,3,1,12,8,10
33.48202337,-84.36740464,8,8,3,5,7,3,1,12,8,10
33.63683435887363,-84.12448446,8,8,3,5,7,3,1,12,8,10
34.21853790216332,-83.80266224,5,6,0,2,1,0,1,0,1,4
33.932298998670205,-84.21337691,5,6,0,2,1,0,1,0,1,4
33.35125576052569,-84.9061969,9,7,3,6,5,4,1,11,7,10
33.55294129646226,-84.50987727,9,7,3,6,5,4,1,11,7,10
33.96677706022885,-84.37887471,6,11,1,2,1,2,1,4,0,3
33.99412061656264,-84.56891676,6,11,1,2,1,2,1,4,0,3
34.32660417338298,-84.33707093,5,6,0,2,1,0,1,0,1,4
34.384386653028656,-84.88246733,6,11,1,2,1,2,1,4,0,3
33.74106276784909,-84.85550873,9,7,3,6,5,4,1,11,7,10
33.41085840076708,-85.03089882,9,7,3,6,5,4,1,11,7,10
34.12154715742596,-84.92232444,6,11,1,2,1,2,1,4,0,3
34.70308140731115,-84.90816016,6,11,1,2,1,2,1,4,0,3
36.59444032007575,-87.25301636,48,16,3,15,10,17,12,12,7,8
36.79516411807795,-83.75593829,25,5,0,6,7,5,3,2,1,2
36.78402715396097,-83.04339387,16,2,0,1,5,2,1,0,0,0
37.148981442031655,-88.77619705,67,39,10,33,30,30,25,34,21,26
33.64742820505465,-88.31665372,23,17,6,17,10,15,8,25,25,11
33.29089837162446,-89.42080848,45,30,29,33,25,27,23,39,28,27
33.01452852386832,-89.68136362,45,30,29,33,25,27,23,39,28,27
33.28943776,-89.42188346,45,30,29,33,25,27,23,39,28,27
35.174423116901814,-89.74545006,64,27,16,36,28,37,22,36,28,31
37.258282769524655,-89.83563883,72,44,21,35,33,35,34,37,34,36
37.94662260855409,-90.45509399,67,51,17,32,34,33,44,30,26,36
35.86141387148214,-90.02005493,58,30,15,35,25,37,26,34,28,30
39.31060181716818,-91.53455048,67,52,17,44,37,31,46,31,24,42
39.8365152,-91.55137584,61,54,16,43,39,35,48,27,19,43
39.83673206042831,-91.59513985,61,54,16,43,39,35,48,27,19,43
37.951736620975936,-92.02989157,72,60,22,46,21,33,47,37,26,42
38.38510207765935,-91.49363597,71,49,21,36,24,28,39,31,29,34
38.473014459670495,-91.88285632,72,60,22,46,21,33,47,37,26,42
38.97963594190084,-91.98024819,67,59,21,54,40,42,50,39,25,53
39.54439273930999,-92.64096887,67,59,21,54,40,42,50,39,25,53
38.92442185238048,-92.57484317,67,59,21,54,40,42,50,39,25,53
39.16939580375579,-94.16432877,73,73,22,59,43,48,54,44,32,63
37.489537502295725,-93.62076149,79,55,36,54,20,41,49,41,34,39
39.33018353542515,-94.58031114,75,79,26,64,46,52,61,45,35,64
40.006192818884585,-94.342409,67,69,20,57,44,46,57,36,22,58
39.84419916153647,-94.79466152,68,75,26,59,43,47,56,40,23,62
35.78210965294742,-78.45215511,14,10,1,6,12,2,2,5,9,8
34.878706681403195,-78.78222477,14,10,1,6,12,2,2,5,9,8
35.95038320466862,-78.75008074,12,7,1,3,10,2,2,3,1,4
36.76113075700863,-77.71121137,23,10,1,5,14,3,4,6,9,5
34.84342182716298,-79.74621875,14,10,1,6,12,2,4,5,11,9
36.52474031067116,-78.88848918,12,7,1,3,10,2,2,3,1,4
35.87131406753623,-78.93053481,12,7,1,3,10,2,2,3,1,4
35.94167988738923,-79.75489087,5,5,1,1,7,1,0,1,1,1
36.48116292674998,-79.05106159,12,7,1,3,10,2,2,3,1,4
34.997455264379475,-81.12127707,4,5,1,3,5,0,0,1,1,0
35.72367986434865,-80.60065495,7,6,1,4,7,3,2,1,5,7
35.42225421978212,-80.94526873,4,5,1,3,5,0,0,1,1,0
36.17631783736617,-81.03637128,3,4,0,1,5,1,0,0,0,0
36.87933542248808,-80.82233457,9,1,0,0,5,2,0,0,0,0
34.95433482977414,-82.91549868,3,4,0,2,2,0,0,0,1,0
36.59144125189704,-82.69624713,3,2,0,0,0,0,0,0,0,0
35.33522213959153,-86.11728053,19,11,1,6,0,5,4,6,3,2
35.22707198689349,-85.09419707,4,8,0,2,1,0,0,0,1,1
35.82826276938617,-86.5983907,24,11,1,11,4,7,4,8,2,4
36.20525065777596,-86.46482821,24,11,1,11,4,7,4,8,2,4
36.04654641006467,-86.60578713,24,11,1,11,4,7,4,8,2,4
35.94527989934444,-84.38853525,17,8,1,5,2,4,3,3,1,3
35.60032501910868,-84.78911439,4,8,0,2,1,0,0,0,1,1
35.041857049109595,-84.95924195,4,8,0,2,1,0,0,0,1,1
36.019164109643185,-84.15798342,6,6,0,1,0,0,0,1,0,0
36.12213390543042,-83.81532113,6,6,0,1,0,0,0,1,0,0
36.46072984080512,-82.80823271,3,2,0,0,0,0,0,0,0,0
36.44234006672176,-82.27955375,3,2,0,0,0,0,0,0,0,0
36.781567001315565,-83.04460024,16,2,0,1,5,2,1,0,0,0
36.06737177894041,-86.9840473,48,16,3,15,10,17,12,12,7,8
36.02382071,-87.98161148,48,16,3,15,10,17,12,12,7,8
36.392150780789976,-87.65747372,48,16,3,15,10,17,12,12,7,8
36.24474673171792,-88.61150247,68,34,10,34,27,34,21,40,26,27
36.27522308,-88.83406011,68,34,10,34,27,34,21,40,26,27
35.70298032792538,-88.79071326,56,23,12,30,26,37,19,38,27,23
35.65721478714051,-89.39418682,64,27,16,36,28,37,22,36,28,31
34.995743658209584,-90.04885694,64,27,16,36,28,37,22,36,28,31
35.38638034183999,-89.80307085,64,27,16,36,28,37,22,36,28,31
35.644713374211506,-89.97019239,64,27,16,36,28,37,22,36,28,31
34.311870117955955,-109.1609698,0,0,0,0,0,0,0,0,0,1
34.63615954456501,-110.1345636,1,8,0,1,0,20,6,1,3,10
34.57694554411344,-109.277433,0,0,0,0,0,0,0,0,0,1
33.33889744805461,-111.037165,50,49,51,65,26,61,77,36,49,55
35.59282967137923,-108.8174731,0,4,0,0,0,2,1,0,0,6
32.403633887297374,-108.5993188,10,14,32,13,3,30,37,8,7,24
32.54415520156178,-111.2858635,70,77,66,74,51,76,93,63,68,79
32.55621727375439,-111.2965788,70,77,66,74,51,76,93,63,68,79
33.15056591232789,-111.4686538,50,49,51,65,26,61,77,36,49,55
32.962370559264656,-111.9948356,104,115,88,92,97,103,113,113,90,100
33.70393995664984,-111.9384237,90,96,83,77,74,88,101,88,72,79
35.832630082789784,-111.4465911,0,12,0,2,0,17,2,5,0,8
36.90287774042459,-111.3946216,0,10,0,1,0,11,0,5,0,8
35.79735736606345,-115.0084826,61,63,47,57,51,60,67,52,49,60
33.816374091128374,-112.2624521,90,96,83,77,74,88,101,88,72,79
33.70732872455975,-112.3224946,90,96,83,77,74,88,101,88,72,79
34.40602278398407,-112.1084091,42,45,36,44,20,51,59,24,44,44
34.75635009743734,-112.2295533,42,45,36,44,20,51,59,24,44,44
33.345363751592714,-112.85215,90,96,83,77,74,88,101,88,72,79
32.97577792666738,-112.6924713,104,115,88,92,97,103,113,113,90,100
33.230595645233635,-112.6204735,90,96,83,77,74,88,101,88,72,79
33.410986755728835,-112.317022,90,96,83,77,74,88,101,88,72,79
33.38493565652942,-112.8591058,90,96,83,77,74,88,101,88,72,79
33.705142347010764,-112.326337,90,96,83,77,74,88,101,88,72,79
32.954059019335354,-113.4887768,110,135,96,95,105,117,116,120,92,110
33.47741955925691,-113.1135049,90,96,83,77,74,88,101,88,72,79
32.74552869145405,-114.4914475,102,110,80,83,85,99,108,87,78,93
33.57963149469008,-114.8172309,104,125,88,84,97,108,107,97,85,95
32.717896179435705,-115.7157974,75,68,54,61,61,73,81,61,49,71
33.69884892,-115.3128745,104,125,88,84,97,108,107,97,85,95
32.80880637428294,-116.6830647,75,68,54,61,61,73,81,61,49,71
38.21136453,-104.5760059,0,0,0,0,0,0,0,0,0,0
38.561071179503806,-104.6900683,0,0,0,0,0,0,0,0,0,0
39.49417123,-104.9050714,0,0,0,0,0,0,0,0,0,0
32.302733647528136,-107.778995,9,11,32,18,5,25,31,6,4,26
35.11403547938812,-106.7235599,0,2,0,0,0,0,1,0,0,3
31.804864402516586,-106.5874511,12,26,41,32,12,33,42,14,21,43
36.11135958444496,-106.15756,0,0,0,0,0,0,0,0,0,0
36.394785441345455,-105.6335591,0,0,0,0,0,0,0,0,0,0
36.80176861923351,-108.4423856,0,0,0,0,0,1,0,0,0,1
35.76419222522174,-106.1087909,0,2,0,0,0,0,1,0,0,3
31.98408959154284,-106.4348953,12,26,41,32,12,33,42,14,21,43
36.797512533751465,-108.477272,0,0,0,0,0,1,0,0,0,1
36.48223973030026,-114.8303353,43,45,26,46,28,46,48,36,39,33
40.60794838533893,-104.8133736,0,0,0,0,0,0,0,0,0,3
40.47228171321681,-107.5917717,0,0,0,0,0,0,0,0,0,0
39.49665942945448,-105.0714188,0,0,0,0,0,0,0,0,0,0
40.21651915762824,-103.6793261,8,9,0,13,2,13,22,6,1,19
39.686113902363694,-104.0208134,8,9,0,13,2,13,22,6,1,19
40.25460799289951,-103.5873626,8,9,0,13,2,13,22,6,1,19
37.91501229217728,-100.9752763,63,53,57,62,48,51,57,42,44,55
38.43852265060631,-107.9524927,0,0,0,0,0,0,0,0,0,0
37.18440194478697,-108.0158066,0,0,0,0,0,0,0,0,0,0
39.046938867851765,-108.4145448,0,0,0,0,0,0,0,0,0,2
37.868259845055285,-109.3158678,0,0,0,0,0,1,0,0,0,1
39.38325460706415,-111.0857085,0,1,0,0,0,1,0,0,0,2
41.19132446043537,-103.0487711,35,24,12,29,22,18,44,20,13,43
33.73973662517635,-117.156427,0,0,0,0,0,0,0,0,0,2
33.82879303437243,-117.7897147,0,0,0,0,0,0,0,0,0,2
35.80362387144401,-115.0130135,61,63,47,57,51,60,67,52,49,60
34.17578218801053,-118.3595645,23,28,12,20,13,28,15,27,6,25
34.281073034266704,-118.4789463,23,28,12,20,13,28,15,27,6,25
34.15083172200331,-118.1843592,23,28,12,20,13,28,15,27,6,25
34.036286827325334,-118.1116027,53,48,32,50,44,54,53,49,38,54
34.43969293451303,-118.5825689,23,28,12,20,13,28,15,27,6,25
35.03499057856058,-118.280865,27,34,15,31,25,33,21,34,10,32
34.85758145783266,-118.4367771,23,28,12,20,13,28,15,27,6,25
36.14179771,-120.1247441,16,26,11,16,13,20,7,21,4,37
35.216259931704734,-120.8472489,0,0,0,0,0,0,0,0,0,0
37.22535762,-121.7457133,5,17,6,10,2,4,5,11,2,23
40.38322853474178,-122.3814288,11,23,11,27,10,22,8,24,7,20
39.23735587031111,-122.2763018,6,24,8,22,6,16,7,20,7,27
42.71054423080067,-111.5963953,0,0,0,0,0,0,0,0,0,0
46.51594813163201,-112.8870082,0,1,0,1,0,0,0,0,0,0
46.05109604505153,-108.8516434,7,3,0,2,1,6,5,0,1,10
47.45604293174374,-115.5894586,0,4,0,6,6,1,3,6,0,1
45.89128130156682,-106.6141637,18,11,0,16,23,25,21,18,12,24
47.57544690698798,-114.6289684,0,4,0,6,6,1,3,6,0,1
36.42722260213132,-114.9068976,43,45,26,46,28,46,48,36,39,33
36.38209383297059,-114.9217615,43,45,26,46,28,46,48,36,39,33
37.41340024,-113.6461292,12,30,3,14,10,23,13,13,8,17
39.45563085048802,-119.7173888,4,15,0,2,2,2,0,2,0,4
39.82401092,-111.9041571,3,16,0,6,0,11,2,9,1,11
40.48031055150462,-107.5937169,0,0,0,0,0,0,0,0,0,0
38.84472654540775,-111.992894,0,5,0,2,0,2,0,4,0,2
40.7072685,-111.9289303,0,0,0,0,0,0,0,0,0,0
39.78880950395023,-111.8948211,3,16,0,6,0,11,2,9,1,11
40.564675715374754,-112.0272237,0,0,0,0,0,0,0,0,0,0
40.75733309,-112.0066211,0,0,0,0,0,0,0,0,0,0
41.09515547623697,-112.0433178,0,0,0,0,0,0,0,0,0,0
34.42335271747258,-92.14432179,73,50,43,47,32,53,44,52,56,48
34.59394271,-92.21669089,73,50,43,47,32,53,44,52,56,48
34.937035390610326,-92.43852762,74,53,41,45,36,53,41,53,45,45
35.11749483173282,-90.18778311,64,27,16,36,28,37,22,36,28,31
35.65268837421729,-89.96707796,64,27,16,36,28,37,22,36,28,31
33.29694882,-92.58941904,72,55,52,49,37,56,44,61,61,58
33.28855039,-92.59184355,72,55,52,49,37,56,44,61,61,58
32.70412168438795,-92.07466033,64,51,50,54,37,56,37,56,56,52
32.57693027592657,-92.68769626,64,51,50,54,37,56,37,56,56,52
33.33671376,-93.224588,81,58,58,50,36,53,47,56,56,58
29.98582655438332,-90.47858367,3,1,3,1,2,0,0,2,1,1
30.782771551112493,-89.90630488,16,17,14,24,11,4,4,29,11,14
31.524619309921764,-90.64406162,27,22,24,28,22,26,12,39,26,20
30.278626877711485,-91.11257018,23,12,15,22,11,12,8,30,14,17
30.48761705604873,-90.89637578,23,12,15,22,11,12,8,30,14,17
30.256728109287824,-91.16815165,23,12,15,22,11,12,8,30,14,17
30.745225460674625,-91.33106925,23,12,15,22,11,12,8,30,14,17
30.44882574143644,-92.1366403,35,22,30,29,16,29,14,36,23,27
32.28139506037508,-90.92886863,38,26,28,37,23,33,22,38,29,22
30.42993091,-92.40666512,35,22,30,29,16,29,14,36,23,27
31.98017262625198,-93.18764885,58,45,44,53,22,50,32,55,44,38
30.26624466007089,-93.73859642,35,20,21,39,14,38,24,39,24,28
32.03505109604424,-93.5692392,58,45,44,53,22,50,32,55,44,38
32.404718673135754,-93.86456831,71,58,56,56,31,55,50,58,52,52
32.381564276164696,-90.21451327,37,30,25,32,22,22,16,40,32,18
32.31090680990712,-90.3291698,37,30,25,32,22,22,16,40,32,18
32.00526518304746,-91.04412404,27,22,24,28,22,26,12,39,26,20
30.6238542,-95.90941634,68,52,64,69,21,55,64,63,63,49
30.3037367,-94.25728565,35,20,21,39,14,38,24,39,24,28
36.10819119357008,-94.43424993,82,71,48,57,27,53,56,50,50,51
36.18531220265152,-94.28185723,75,51,38,46,21,49,46,44,38,40
36.25411997028405,-94.52760648,82,71,48,57,27,53,56,50,50,51
36.3581874,-94.35451448,75,51,38,46,21,49,46,44,38,40
35.81538936502408,-95.54940486,82,71,48,57,27,53,56,50,50,51
37.86421094310477,-99.75570975,79,76,58,71,53,59,66,58,47,61
38.93211778958924,-99.35992513,87,88,54,66,55,56,67,58,45,56
38.93379849566781,-99.36255365,87,88,54,66,55,56,67,58,45,56
40.54527842195589,-99.12146309,51,57,23,41,42,20,49,36,11,46
37.29382190741478,-98.46536951,98,89,78,76,53,72,79,63,55,64
36.31091859938324,-99.36872451,92,82,83,79,43,73,74,64,56,63
37.46741080426504,-99.87683265,83,79,71,68,48,69,70,69,49,58
37.71171094767936,-97.66854094,85,90,60,74,53,65,68,59,52,66
38.727880415476406,-97.54087488,83,87,50,68,54,58,66,55,45,64
38.11347241235986,-97.79069613,85,90,60,74,53,65,68,59,52,66
38.16187964854243,-97.52997013,85,90,60,74,53,65,68,59,52,66
37.79262350460626,-97.51949904,85,90,60,74,53,65,68,59,52,66
37.33118717100557,-97.67665925,89,91,71,72,52,70,72,62,55,69
38.70538351718274,-97.04040871,83,87,50,68,54,58,66,55,45,64
39.28252110230805,-96.11703089,80,84,41,68,50,56,63,48,41,68
37.58942405882674,-97.1052258,89,91,71,72,52,70,72,62,55,69
37.791059124909125,-97.16896517,85,90,60,74,53,65,68,59,52,66
36.86746717898991,-97.67234115,89,91,71,72,52,70,72,62,55,69
38.64609900747622,-96.46292083,80,84,41,68,50,56,63,48,41,68
37.3048891,-97.21278092,89,91,71,72,52,70,72,62,55,69
37.084336532525946,-97.13521716,89,91,71,72,52,70,72,62,55,69
37.407245508887634,-97.20660466,89,91,71,72,52,70,72,62,55,69
36.81732604,-97.12565124,89,91,71,72,52,70,72,62,55,69
37.50017824238953,-96.5611677,87,83,66,70,47,61,64,64,50,59
38.84266184297176,-95.59052268,75,79,26,64,46,52,61,45,35,64
38.44283620175436,-96.06370886,86,84,48,68,51,56,62,54,43,66
37.47134405884928,-96.41908867,87,83,66,70,47,61,64,64,50,59
37.54972756090216,-96.54472378,87,83,66,70,47,61,64,64,50,59
37.30452647263149,-95.11706672,80,79,46,64,40,58,59,54,44,55
39.275418891423016,-95.67920876,80,84,41,68,50,56,63,48,41,68
39.26190988309818,-95.03232752,75,79,26,64,46,52,61,45,35,64
38.266171904220215,-95.58781536,80,82,36,64,43,55,59,49,42,54
38.97240621527144,-94.87955318,75,79,26,64,46,52,61,45,35,64
39.44982598513985,-94.97662067,75,79,26,64,46,52,61,45,35,64
38.78328025499931,-94.65343628,75,79,26,64,46,52,61,45,35,64
38.34814317728706,-94.64118667,80,82,36,64,43,55,59,49,42,54
38.93253507988559,-94.81006951,75,79,26,64,46,52,61,45,35,64
38.78779721641834,-94.98867198,75,79,26,64,46,52,61,45,35,64
38.74901754290275,-94.4949062,75,79,26,64,46,52,61,45,35,64
37.33221189091447,-94.60955559,80,79,46,64,40,58,59,54,44,55
37.85364540424599,-99.73843305,79,76,58,71,53,59,66,58,47,61
37.92631706408052,-100.9718926,63,53,57,62,48,51,57,42,44,55
36.49650745708337,-101.3917028,62,62,71,62,36,59,55,48,52,54
38.48599586093638,-100.9688926,63,53,57,62,48,51,57,42,44,55
39.30892020624341,-100.9202467,66,53,50,60,45,46,52,43,34,56
40.30347783673662,-100.7101901,62,43,36,53,43,29,52,40,26,53
32.585846348202296,-93.9938383,71,58,56,56,31,55,50,58,52,52
32.74435488771362,-94.69830197,74,47,63,53,22,54,61,48,41,47
44.531227900399294,-96.16203227,26,36,9,32,37,12,42,14,9,43
44.47384975404639,-95.67381853,26,36,9,32,37,12,42,14,9,43
44.38952813716831,-96.52929122,26,36,9,32,37,12,42,14,9,43
39.73479951,-94.76138435,68,75,26,59,43,47,56,40,23,62
40.405966520917374,-98.35581709,74,71,40,58,49,38,65,47,36,56
41.05251444567145,-99.2812498,51,57,23,41,42,20,49,36,11,46
40.91148166823056,-98.26236297,51,57,23,41,42,20,49,36,11,46
41.08084604,-101.1472653,52,35,20,40,34,22,45,23,14,42
42.61940315278504,-98.31429285,42,56,20,39,43,22,52,25,13,48
44.13109856612709,-99.43596887,31,45,13,41,48,27,49,27,15,41
40.72161512051035,-97.61957673,49,54,25,48,44,25,55,33,11,47
40.56358118520163,-96.78857395,69,69,25,56,49,37,57,35,17,62
42.07796096042975,-97.35441907,43,44,15,39,40,19,43,28,8,43
42.32942382974549,-96.36538619,53,62,19,49,44,23,50,27,12,53
41.42540187374797,-97.28039147,49,54,25,48,44,25,55,33,11,47
40.83027628338268,-96.81263906,69,69,25,56,49,37,57,35,17,62
40.840132567406485,-96.54729586,69,69,25,56,49,37,57,35,17,62
40.71328265314412,-96.5829397,69,69,25,56,49,37,57,35,17,62
40.61847611614021,-95.7806878,69,69,25,56,49,37,57,35,17,62
41.51873227,-96.08103706,53,62,19,49,44,23,50,27,12,53
41.279365210060334,-96.07998744,69,69,25,56,49,37,57,35,17,62
41.15801065752066,-101.6564761,52,35,20,40,34,22,45,23,14,42
34.18124573176287,-102.5708941,16,22,40,37,16,45,32,23,26,28
32.73181018931375,-103.3116915,20,29,54,45,14,38,45,22,33,35
32.03636458080561,-102.2520592,24,27,55,44,16,34,47,24,35,42
47.07600523672372,-101.1993182,17,26,3,27,40,17,29,17,13,32
47.90617148347277,-97.11332078,23,25,3,24,35,12,28,12,13,37
47.22863070630423,-101.8025246,14,22,2,20,34,12,23,10,11,30
47.28239972,-101.3153438,14,22,2,20,34,12,23,10,11,30
45.37387713047166,-98.10215347,24,36,8,29,41,14,43,14,12,40
47.37069635393309,-101.8422784,14,22,2,20,34,12,23,10,11,30
44.473665902204814,-98.39261737,29,43,9,35,44,24,49,20,16,39
47.34192933588669,-103.1594835,17,18,0,18,26,15,24,11,15,21
46.842200016396056,-103.0701496,16,24,4,28,41,18,39,16,16,24
33.987514505518945,-95.0510585,90,72,62,56,29,60,63,56,59,64
34.01907410153633,-95.31245755,90,72,62,56,29,60,63,56,59,64
34.692655607230684,-95.92225544,92,82,71,69,26,57,62,63,56,64
34.185581137820364,-97.24130729,90,85,79,76,35,63,64,66,60,62
35.71673256920097,-95.46804536,83,66,55,58,26,56,55,50,49,59
34.683801610247926,-95.93211508,92,82,71,69,26,57,62,63,56,64
33.632494400868886,-96.35766212,92,75,69,69,25,59,66,61,56,67
34.96597273373913,-96.73196849,92,79,74,73,35,60,61,65,59,65
36.01140106531628,-95.70281007,90,84,72,71,46,65,61,67,53,66
36.05454846238322,-96.07032858,90,84,72,71,46,65,61,67,53,66
36.159851357992245,-96.2238207,90,84,72,71,46,65,61,67,53,66
36.28253585333326,-95.98100756,90,84,72,71,46,65,61,67,53,66
36.36199589947758,-96.47374045,90,84,72,71,46,65,61,67,53,66
36.44717756849179,-97.0571155,92,86,81,77,52,72,72,68,62,68
35.33157347419102,-97.32910879,92,87,77,78,44,71,68,69,59,67
35.690211025832724,-97.31584164,92,87,77,78,44,71,68,69,59,67
35.510983718500725,-97.79203991,92,87,77,78,44,71,68,69,59,67
35.63638533,-97.64547107,92,87,77,78,44,71,68,69,59,67
36.33071721388495,-97.78974899,92,86,81,77,52,72,72,68,62,68
34.603686349441084,-98.31455642,89,87,85,77,40,67,67,70,54,70
35.30055935246349,-98.02689235,92,87,77,78,44,71,68,69,59,67
35.72791262449288,-97.79244147,92,87,77,78,44,71,68,69,59,67
35.93226058289172,-98.75388113,92,82,83,79,43,73,74,64,56,63
36.57481956403582,-97.68292601,92,86,81,77,52,72,72,68,62,68
34.08597479481973,-99.18064604,89,87,85,77,40,67,67,70,54,70
36.52551696688692,-100.9499805,62,62,71,62,36,59,55,48,52,54
36.520759501858834,-100.8652151,62,62,71,62,36,59,55,48,52,54
44.38671653,-96.53684942,26,36,9,32,37,12,42,14,9,43
44.580940120101175,-96.57485585,26,36,9,32,37,12,42,14,9,43
43.60024519966026,-96.63187024,31,47,9,35,39,16,43,21,11,44
44.88360935643892,-97.04112028,27,38,9,30,42,16,45,15,12,40
45.20698786579197,-97.02825059,27,38,9,30,42,16,45,15,12,40
45.28117263752271,-96.50694083,24,28,8,24,30,12,35,10,9,36
46.00784529,-98.57019031,29,38,6,29,38,20,42,12,11,36
32.77307044562597,-94.39209994,74,47,63,53,22,54,61,48,41,47
32.53869562,-94.39654212,74,47,63,53,22,54,61,48,41,47
32.257017562566254,-94.5746502,74,47,63,53,22,54,61,48,41,47
32.41985714298991,-95.25357469,74,47,63,53,22,54,61,48,41,47
32.46363308890301,-94.47859564,74,47,63,53,22,54,61,48,41,47
31.36413504879441,-95.39553326,69,49,54,63,25,53,57,54,42,45
32.01771752947664,-94.62123303,69,49,54,63,25,53,57,54,42,45
35.62022695112855,-100.5413566,81,75,80,71,37,67,65,56,50,60
35.40728216464633,-100.8199306,57,56,71,55,28,58,52,51,48,47
34.373393666557625,-100.0868415,81,78,86,75,35,67,70,62,55,63
35.16384460163636,-100.9401516,57,56,71,55,28,58,52,51,48,47
35.25495881568038,-101.3596449,57,56,71,55,28,58,52,51,48,47
35.4022323,-101.1538371,57,56,71,55,28,58,52,51,48,47
34.059034860308884,-101.1794576,51,52,62,56,22,54,50,49,33,38
33.77829931112906,-100.8765375,52,51,64,59,20,53,52,48,36,44
34.43222756757146,-101.359587,51,52,62,56,22,54,50,49,33,38
35.31350915962045,-102.050186,33,37,49,47,25,45,49,35,40,30
35.414779901167435,-101.2563436,57,56,71,55,28,58,52,51,48,47
35.443028302126194,-101.3728442,57,56,71,55,28,58,52,51,48,47
35.310278665429934,-101.9229099,33,37,49,47,25,45,49,35,40,30
33.86919703889702,-101.8436921,52,51,64,59,20,53,52,48,36,44
34.51973651051781,-102.0386865,16,22,40,37,16,45,32,23,26,28
34.77337781,-102.3045497,16,22,40,37,16,45,32,23,26,28
34.77294211778746,-102.2981343,16,22,40,37,16,45,32,23,26,28
35.29198831277656,-102.5825919,33,37,49,47,25,45,49,35,40,30
35.297182452592025,-102.7102782,33,37,49,47,25,45,49,35,40,30
41.51272394,-120.6344591,0,11,0,2,3,0,0,0,0,0
46.52846207351406,-116.3675204,2,4,1,8,4,4,4,17,3,2
46.469154026805086,-116.9107984,2,12,6,9,6,8,5,19,4,6
44.05087484466421,-123.2318184,0,0,0,0,0,0,0,0,0,0
45.60639087781853,-121.1153294,0,12,2,6,4,6,0,12,2,7
45.60368728308112,-121.1080556,0,12,2,6,4,6,0,12,2,7
45.36072180166632,-122.4080416,0,12,2,3,2,5,0,7,6,7
44.22616109137002,-120.9328,0,11,0,7,1,4,0,5,0,1
43.01396373822589,-120.9558991,2,11,0,8,3,1,0,2,0,0
42.17395517,-121.8135178,0,11,0,2,3,0,0,0,0,0
39.63088448009508,-104.7149407,0,0,0,0,0,0,0,0,0,1
40.00849629298168,-107.9803155,0,0,0,0,0,0,0,0,0,0
39.94994725,-108.3309923,0,0,0,0,0,0,0,0,0,2
41.12803523413073,-73.42876311,11,2,1,3,9,2,2,0,1,2
41.62060337310552,-73.44224371,4,1,0,0,9,2,2,0,0,4
41.391656076506806,-73.40219971,11,2,1,3,9,2,2,0,1,2
41.61247458479877,-73.06058635,5,3,1,0,11,3,2,0,1,4
42.46869110134997,-73.09360048,3,1,0,0,8,2,1,0,0,4
41.08666889,-74.1460912,11,2,1,3,9,2,2,0,1,2
41.017335883386686,-74.12543222,11,2,1,3,9,2,2,0,1,2
40.74806526583937,-74.07041747,11,2,1,3,9,2,2,0,1,2
40.76314273343424,-73.94310293,11,2,1,3,9,2,2,0,1,2
40.70487977381662,-73.98452611,11,2,1,3,9,2,2,0,1,2
40.76600353401663,-73.99588408,11,2,1,3,9,2,2,0,1,2
40.842514848148525,-73.86374494,11,2,1,3,9,2,2,0,1,2
40.66208949703575,-74.00230898,11,2,1,3,9,2,2,0,1,2
43.63385254275372,-73.05769378,1,0,0,0,5,1,1,0,0,4
44.11913615843013,-73.16546606,0,0,0,0,5,0,1,0,0,4
41.89119532383836,-72.75816032,5,3,1,0,11,3,2,0,1,4
42.09056112230934,-72.6349819,5,3,1,0,11,3,2,0,1,4
41.58858677,-72.86618599,5,3,1,0,11,3,2,0,1,4
41.48909107742448,-72.75492974,5,3,1,0,11,3,2,0,1,4
41.51046504892708,-72.56973285,5,3,1,0,11,3,2,0,1,4
41.287849110217685,-72.90439733,0,0,0,0,0,0,0,0,0,0
41.22772570155247,-73.09840831,0,0,0,0,0,0,0,0,0,0
41.85444285,-72.52861221,5,3,1,0,11,3,2,0,1,4
41.77014904988993,-72.55739996,5,3,1,0,11,3,2,0,1,4
42.194963913386005,-72.44666548,5,3,1,0,11,3,2,0,1,4
41.31463459864793,-72.16546174,0,0,0,0,0,0,0,0,0,0
41.55415835390341,-72.59689401,5,3,1,0,11,3,2,0,1,4
41.70196705517247,-72.23505582,5,3,1,0,11,3,2,0,1,4
41.48828455250506,-72.4927044,5,3,1,0,11,3,2,0,1,4
41.42873849381065,-72.10441615,0,0,0,0,0,0,0,0,0,0
41.461094710023325,-72.47719517,0,0,0,0,0,0,0,0,0,0
41.87481183,-71.8959426,5,3,1,0,11,3,2,0,1,4
41.88129293918709,-71.89127929,5,3,1,0,11,3,2,0,1,4
42.01020504889343,-71.67363625,1,0,0,0,1,0,0,0,0,0
43.16759490551255,-70.81782456,7,4,1,1,9,3,3,0,1,7
43.14186312937062,-71.18482749,7,4,1,1,9,3,3,0,1,7
43.09823516643048,-70.79234544,7,4,1,1,9,3,3,0,1,7
43.66324711320341,-70.55337889,0,0,0,0,0,0,0,0,0,0
42.90455229133992,-71.34235618,7,4,1,1,9,3,3,0,1,7
43.64439624085001,-70.43234281,0,0,0,0,0,0,0,0,0,0
43.93188225729492,-70.20303208,0,0,0,0,0,0,0,0,0,0
44.14109514398281,-70.18583477,0,0,0,0,0,0,0,0,0,0
43.78154485509346,-70.20331114,0,0,0,0,0,0,0,0,0,0
43.953537743796446,-69.69548829,0,0,0,0,0,0,0,0,0,0
43.75155008862601,-70.15670413,0,0,0,0,0,0,0,0,0,0
44.29688326592368,-69.55641218,0,1,1,0,5,1,0,0,0,6
44.574021718248325,-69.50913517,0,1,1,0,5,1,0,0,0,6
44.74026558777178,-68.75404539,2,1,0,1,4,1,0,0,0,6
43.99106669835307,-69.67141751,0,0,0,0,0,0,0,0,0,0
44.73840364106282,-68.75229076,2,1,0,1,4,1,0,0,0,6
45.39724822982473,-68.52926553,0,1,0,0,3,0,0,0,0,5
45.39737346018224,-68.5257833,0,1,0,0,3,0,0,0,0,5
41.68563816562379,-70.35042818,0,0,0,0,0,0,0,0,0,0
41.90684867608679,-70.62921883,1,0,0,0,1,0,0,0,0,0
41.76911498893788,-70.51066691,0,0,0,0,0,0,0,0,0,0
41.88217931260562,-70.65619707,1,0,0,0,1,0,0,0,0,0
42.07812202581351,-70.97398364,1,0,0,0,1,0,0,0,0,0
41.89797766,-70.78852046,1,0,0,0,1,0,0,0,0,0
41.97181018639584,-71.01705708,1,0,0,0,1,0,0,0,0,0
42.13925174191922,-71.4485663,1,0,0,0,1,0,0,0,0,0
42.13130192140184,-71.26823145,1,0,0,0,1,0,0,0,0,0
42.01997220734402,-71.33536255,1,0,0,0,1,0,0,0,0,0
41.71381705037856,-71.19098638,1,0,0,0,1,0,0,0,0,0
41.96965400568029,-71.53899819,1,0,0,0,1,0,0,0,0,0
42.10924542744699,-71.45180444,1,0,0,0,1,0,0,0,0,0
42.35303249182606,-71.05990713,1,0,0,0,1,0,0,0,0,0
42.33966373169193,-71.03857971,1,0,0,0,1,0,0,0,0,0
42.39128078403342,-71.14323563,1,0,0,0,1,0,0,0,0,0
42.46208695536413,-71.15424636,7,4,1,1,9,3,3,0,1,7
42.16716696519333,-70.99844912,1,0,0,0,1,0,0,0,0,0
42.14159003436511,-71.10092509,1,0,0,0,1,0,0,0,0,0
42.44517841712866,-71.26637734,7,4,1,1,9,3,3,0,1,7
42.47177769201553,-71.04549718,7,4,1,1,9,3,3,0,1,7
42.27352106408359,-71.12058702,1,0,0,0,1,0,0,0,0,0
42.505213426189066,-71.0416461,7,4,1,1,9,3,3,0,1,7
42.62298597218875,-71.24243109,7,4,1,1,9,3,3,0,1,7
42.56839102025195,-71.53037123,7,4,1,1,9,3,3,0,1,7
42.74432127117919,-71.11367222,7,4,1,1,9,3,3,0,1,7
42.83293277449437,-70.97244668,7,4,1,1,9,3,3,0,1,7
42.36034031499945,-71.77608514,1,0,0,0,1,0,0,0,0,0
42.187969243562975,-71.73746935,1,0,0,0,1,0,0,0,0,0
42.12882639575266,-71.99707237,5,3,1,0,11,3,2,0,1,4
42.05950929978027,-71.51373761,1,0,0,0,1,0,0,0,0,0
42.091785013723175,-71.48369721,1,0,0,0,1,0,0,0,0,0
42.79149453222211,-71.37686966,7,4,1,1,9,3,3,0,1,7
42.197971970804055,-72.50833302,5,3,1,0,11,3,2,0,1,4
42.61105579596863,-72.46845166,3,1,0,0,8,2,1,0,0,4
42.78322220700687,-72.51914264,3,1,0,0,8,2,1,0,0,4
42.83133282407631,-71.48355382,7,4,1,1,9,3,3,0,1,7
42.790717835145216,-71.37772903,7,4,1,1,9,3,3,0,1,7
42.80896492330784,-71.59279506,7,4,1,1,9,3,3,0,1,7
42.94989072370735,-70.86889892,7,4,1,1,9,3,3,0,1,7
42.80027373583071,-72.14815451,3,1,0,0,8,2,1,0,0,4
42.009775650536646,-71.66952771,1,0,0,0,1,0,0,0,0,0
41.68320531773132,-71.47944604,1,0,0,0,1,0,0,0,0,0
42.78013722,-72.51593654,3,1,0,0,8,2,1,0,0,4
42.96819545292766,-72.65233285,3,1,0,0,8,2,1,0,0,4
43.429136007201365,-72.66015379,1,0,0,0,5,1,1,0,0,4
39.60820207865456,-75.62636775,15,0,0,4,11,2,1,1,1,2
39.63319199800627,-75.73047913,15,0,0,4,11,2,1,1,1,2
39.4681328,-75.53396631,0,0,0,0,0,0,0,0,0,0
41.72685543885677,-90.30628899,35,25,10,35,26,20,28,12,9,23
42.34242275666001,-89.19278347,33,21,9,33,24,21,27,12,9,24
42.29401316129434,-88.96929017,33,21,9,33,24,21,27,12,9,24
42.21637091449454,-88.97530195,33,21,9,33,24,21,27,12,9,24
42.07391948693308,-89.28659724,33,21,9,33,24,21,27,12,9,24
42.97702781860693,-89.04261214,24,9,10,27,18,12,20,9,5,19
42.31722850091244,-89.08777135,33,21,9,33,24,21,27,12,9,24
41.39019431558471,-88.27495173,40,28,7,31,24,24,29,12,8,26
42.25733951445624,-88.43944369,33,21,9,33,24,21,27,12,9,24
42.25502673,-88.30224177,33,21,9,33,24,21,27,12,9,24
42.254748277579885,-88.25183549,33,21,9,33,24,21,27,12,9,24
42.31348857129986,-87.97579435,15,4,0,5,6,5,4,0,4,12
42.06372459228688,-88.24013731,33,21,9,33,24,21,27,12,9,24
41.70740765796327,-88.23256847,33,21,9,33,24,21,27,12,9,24
41.79778317,-88.23342103,33,21,9,33,24,21,27,12,9,24
41.982855535320326,-88.24056058,33,21,9,33,24,21,27,12,9,24
41.89583826300054,-88.04666524,15,4,0,5,6,5,4,0,4,12
41.685871562969766,-88.47605942,33,21,9,33,24,21,27,12,9,24
41.84465735037769,-88.2554598,33,21,9,33,24,21,27,12,9,24
41.82328235426223,-88.25974266,33,21,9,33,24,21,27,12,9,24
41.43894460033484,-88.11542853,37,20,6,27,19,19,24,11,9,27
41.68318888955913,-88.47935719,33,21,9,33,24,21,27,12,9,24
41.35320447865131,-88.34712337,40,28,7,31,24,24,29,12,8,26
41.39779884122967,-87.95258721,37,20,6,27,19,19,24,11,9,27
41.21002969611024,-87.91091842,37,20,6,27,19,19,24,11,9,27
41.24441616132781,-88.66518461,40,28,7,31,24,24,29,12,8,26
41.49440645958303,-87.82514279,15,4,0,5,6,5,4,0,4,12
41.624934860675225,-87.93256693,15,4,0,5,6,5,4,0,4,12
41.39965934516752,-87.9490864,37,20,6,27,19,19,24,11,9,27
42.53841949,-87.9082181,3,0,0,0,0,0,0,0,0,3
42.11546501710611,-87.92031863,15,4,0,5,6,5,4,0,4,12
42.44712816155477,-87.80537616,3,0,0,0,0,0,0,0,0,3
43.00885941428192,-88.17332979,24,9,10,27,18,12,20,9,5,19
42.27856720043787,-87.86663105,15,4,0,5,6,5,4,0,4,12
42.05044514252888,-87.75651976,15,4,0,5,6,5,4,0,4,12
42.08186964311005,-87.76514443,15,4,0,5,6,5,4,0,4,12
42.12648698829899,-87.78556763,15,4,0,5,6,5,4,0,4,12
42.05595651140893,-87.83269228,15,4,0,5,6,5,4,0,4,12
42.05021038366627,-87.89632213,15,4,0,5,6,5,4,0,4,12
41.98027857660264,-87.99579818,15,4,0,5,6,5,4,0,4,12
41.94698614025314,-88.03242648,15,4,0,5,6,5,4,0,4,12
41.92875022908254,-88.07962397,15,4,0,5,6,5,4,0,4,12
41.802208121975056,-87.82320107,15,4,0,5,6,5,4,0,4,12
41.63040663313715,-88.09519324,15,4,0,5,6,5,4,0,4,12
41.760994760851176,-87.76503961,15,4,0,5,6,5,4,0,4,12
41.75304179736125,-87.79314775,15,4,0,5,6,5,4,0,4,12
41.64303658224897,-87.85308703,15,4,0,5,6,5,4,0,4,12
41.85998061631358,-88.04330496,15,4,0,5,6,5,4,0,4,12
41.89451542924027,-88.04351257,15,4,0,5,6,5,4,0,4,12
41.79980357057887,-88.05875567,15,4,0,5,6,5,4,0,4,12
41.63820939870707,-88.09483008,15,4,0,5,6,5,4,0,4,12
41.83330915048844,-88.045926,15,4,0,5,6,5,4,0,4,12
41.92299133923535,-87.92267747,15,4,0,5,6,5,4,0,4,12
41.81134859585302,-87.78522063,15,4,0,5,6,5,4,0,4,12
41.522804017183965,-86.36093337,20,4,1,13,11,4,13,4,4,17
41.60073855518014,-87.81878878,15,4,0,5,6,5,4,0,4,12
41.43106810978673,-87.61913244,37,20,6,27,19,19,24,11,9,27
41.63683685777509,-87.66687926,15,4,0,5,6,5,4,0,4,12
41.569657900600205,-87.56766555,15,4,0,5,6,5,4,0,4,12
41.60206509114657,-87.54880127,15,4,0,5,6,5,4,0,4,12
41.44205474401657,-87.75125436,37,20,6,27,19,19,24,11,9,27
41.715288413021774,-87.54600746,15,4,0,5,6,5,4,0,4,12
41.545697513462784,-87.51589799,15,4,0,5,6,5,4,0,4,12
41.53391725388504,-87.10207488,15,4,0,5,6,5,4,0,4,12
41.560338340194605,-87.46503934,15,4,0,5,6,5,4,0,4,12
41.62262442660023,-87.4299065,15,4,0,5,6,5,4,0,4,12
41.537924490320464,-87.28274524,15,4,0,5,6,5,4,0,4,12
41.70624038,-86.48380085,20,4,1,13,11,4,13,4,4,17
40.77131569816584,-86.8676468,37,15,3,26,17,13,23,8,8,22
40.98345953675162,-85.34122596,30,11,1,25,17,11,18,7,6,18
41.063867554043625,-85.46727099,30,11,1,25,17,11,18,7,6,18
41.66879026435874,-86.13650539,20,4,1,13,11,4,13,4,4,17
41.62291489586108,-86.25579778,20,4,1,13,11,4,13,4,4,17
40.47401427133294,-85.91515539,43,20,4,24,20,9,18,9,9,20
41.70649951000958,-85.86299952,20,4,1,13,11,4,13,4,4,17
40.332857513902006,-83.4307308,31,13,0,14,14,6,10,3,4,9
41.01430266342804,-84.9772697,30,11,1,25,17,11,18,7,6,18
40.23676266,-85.30572463,34,12,1,16,15,8,16,4,5,13
41.17174741955098,-85.09592872,30,11,1,25,17,11,18,7,6,18
39.99186104344877,-85.5931891,34,12,1,16,15,8,16,4,5,13
40.928411020377176,-84.73924594,30,11,1,25,17,11,18,7,6,18
38.74584374888566,-85.03514643,32,12,1,15,16,5,18,8,5,10
39.26683263493432,-85.21904439,32,12,1,15,16,5,18,8,5,10
37.63673498660504,-84.6262954,27,7,0,9,4,6,6,5,1,4
38.47772692682884,-82.39503633,23,5,0,7,8,4,3,3,2,4
38.173134410749874,-82.61911021,23,5,0,7,8,4,3,3,2,4
38.560504202481845,-76.68872264,0,0,0,0,0,0,0,0,0,0
39.04576666,-76.6763574,20,3,1,5,18,6,2,3,5,7
39.68694517761463,-76.54050675,15,0,0,4,11,2,1,1,1,2
39.86792387583967,-77.1679008,16,0,0,7,11,3,2,1,2,2
39.75310569214926,-76.26721092,15,0,0,4,11,2,1,1,1,2
38.70018582,-76.82781177,20,3,1,5,18,6,2,3,5,7
38.738265260964646,-76.87101916,20,3,1,5,18,6,2,3,5,7
38.55174364,-77.27815323,24,8,0,6,20,3,2,4,7,5
39.18545406284804,-77.03652063,16,1,0,4,12,4,2,0,3,4
39.29629586166323,-77.51532391,16,1,0,4,12,4,2,0,3,4
39.51564501,-77.91747106,16,1,0,4,12,4,2,0,3,4
39.07547682,-77.5315157,16,1,0,4,12,4,2,0,3,4
39.49934606996369,-78.91634257,12,1,0,2,8,3,0,0,1,0
42.26583453,-85.76798213,20,4,1,13,11,4,13,4,4,17
42.18927691,-86.3344115,20,4,1,13,11,4,13,4,4,17
39.46342965,-75.53258684,0,0,0,0,0,0,0,0,0,0
39.58620819675626,-75.24745253,17,2,1,5,14,4,3,2,2,3
39.74150416472413,-74.96292669,17,2,1,5,14,4,3,2,2,3
40.9915685,-74.63534575,9,0,0,2,11,2,1,0,1,2
40.54450026,-74.7430837,9,0,0,2,11,2,1,0,1,2
40.81987343312045,-74.33078769,11,2,1,3,9,2,2,0,1,2
41.49761368790335,-75.61008474,4,0,0,1,6,1,2,0,0,1
40.27831530123117,-75.32633547,17,2,1,5,14,4,3,2,2,3
40.48187807444498,-75.58309437,17,2,1,5,14,4,3,2,2,3
40.40552596611201,-74.48520973,17,2,1,5,14,4,3,2,2,3
40.24054228537874,-74.51841072,17,2,1,5,14,4,3,2,2,3
40.20143873635829,-74.36048105,0,0,0,0,0,0,0,0,0,0
40.64454859498852,-74.20614705,11,2,1,3,9,2,2,0,1,2
40.694104137461096,-74.10560363,11,2,1,3,9,2,2,0,1,2
40.66941672002429,-74.17458715,11,2,1,3,9,2,2,0,1,2
40.62399416478452,-74.21112803,11,2,1,3,9,2,2,0,1,2
40.58944615744976,-74.19659077,11,2,1,3,9,2,2,0,1,2
36.71041749,-76.58042899,8,5,0,2,11,2,1,2,2,5
36.69003583,-76.18986332,8,5,0,2,11,2,1,2,2,5
39.88783363984736,-82.56862529,26,8,0,11,12,6,6,2,3,8
39.99142842474659,-82.6481267,26,8,0,11,12,6,6,2,3,8
39.87133765151558,-82.89988473,26,8,0,11,12,6,6,2,3,8
40.096009861735006,-82.74801866,26,8,0,11,12,6,6,2,3,8
40.07491810325359,-82.74439039,26,8,0,11,12,6,6,2,3,8
40.69432832428182,-82.79974103,22,7,0,12,11,5,7,3,5,7
41.37464413976709,-82.72986732,22,7,0,12,11,5,7,3,5,7
41.59705077801655,-83.08954347,7,0,0,0,1,2,0,0,0,0
41.43155242249531,-81.65994699,19,4,0,8,11,5,7,2,4,5
41.36137676228169,-81.57116337,19,4,0,8,11,5,7,2,4,5
41.16895952240565,-81.8828915,22,7,0,12,11,5,7,3,5,7
41.41085455081861,-82.12619313,22,7,0,12,11,5,7,3,5,7
40.720798485523225,-81.54069034,19,4,0,8,11,5,7,2,4,5
40.096625503222754,-82.01861785,26,8,0,11,12,6,6,2,3,8
38.975826797165006,-81.94210856,22,6,0,7,9,5,5,2,2,6
38.9617684,-81.92963615,22,6,0,7,9,5,5,2,2,6
41.30356474837141,-81.47419506,19,4,0,8,11,5,7,2,4,5
41.11975587449528,-81.22702979,19,4,0,8,11,5,7,2,4,5
40.77337193,-81.32913653,19,4,0,8,11,5,7,2,4,5
41.17763045807765,-80.8243635,19,4,0,8,11,5,7,2,4,5
40.25324633863123,-80.65053291,21,3,0,5,7,3,4,0,2,4
40.74291964,-81.33777531,19,4,0,8,11,5,7,2,4,5
41.13526549218485,-80.44809042,13,3,0,4,9,3,1,0,2,3
40.45407799275271,-80.56983078,12,1,0,3,4,2,1,0,0,2
40.40442005152562,-80.12153009,12,1,0,3,4,2,1,0,0,2
40.022401497483614,-80.80628997,21,3,0,5,7,3,4,0,2,4
38.74163399547007,-85.438293,32,12,1,15,16,5,18,8,5,10
39.56013531134558,-83.17632294,28,11,0,11,13,4,7,6,2,9
38.63947351534979,-83.69251935,28,11,0,11,13,4,7,6,2,9
39.39681533716164,-83.10029661,22,6,0,7,9,5,5,2,2,6
40.06190971077047,-83.19319136,31,13,0,14,14,6,10,3,4,9
40.10200920312279,-83.19608661,31,13,0,14,14,6,10,3,4,9
40.01016947505937,-83.11601941,26,8,0,11,12,6,6,2,3,8
39.86187420847093,-83.11843519,26,8,0,11,12,6,6,2,3,8
40.12406587032525,-82.84508414,26,8,0,11,12,6,6,2,3,8
40.22884615141646,-82.85262093,26,8,0,11,12,6,6,2,3,8
40.182149372337534,-83.01141634,26,8,0,11,12,6,6,2,3,8
40.21083998943385,-83.09207908,26,8,0,11,12,6,6,2,3,8
39.70862420966795,-84.00154349,31,13,0,14,14,6,10,3,4,9
40.23068856,-82.84655004,26,8,0,11,12,6,6,2,3,8
40.25926583466455,-83.08693935,26,8,0,11,12,6,6,2,3,8
39.83353712127592,-80.80592983,21,3,0,5,7,3,4,0,2,4
41.02094474399807,-83.29929173,29,8,1,17,14,8,12,3,6,12
41.47474618708749,-83.45135995,20,6,1,13,13,6,12,2,4,10
41.69068618,-83.43406327,20,6,1,13,13,6,12,2,4,10
39.07661939876589,-83.90784087,28,11,0,11,13,4,7,6,2,9
39.397746547052186,-83.85477203,28,11,0,11,13,4,7,6,2,9
40.67741202098805,-84.18322253,29,8,1,17,14,8,12,3,6,12
40.58656316182109,-83.73146733,29,8,1,17,14,8,12,3,6,12
40.800678971856165,-84.02924353,29,8,1,17,14,8,12,3,6,12
41.13873547408286,-83.46109756,29,8,1,17,14,8,12,3,6,12
41.66870580399591,-83.44229325,20,6,1,13,13,6,12,2,4,10
41.47531085043243,-83.91854573,20,6,1,13,13,6,12,2,4,10
41.473643255231806,-83.63321646,20,6,1,13,13,6,12,2,4,10
41.72222084266489,-83.7793939,20,6,1,13,13,6,12,2,4,10
41.60145530397447,-83.90992107,20,6,1,13,13,6,12,2,4,10
38.99168103274995,-84.2964615,28,11,0,11,13,4,7,6,2,9
39.30583210413659,-84.24940159,28,11,0,11,13,4,7,6,2,9
38.99047927865806,-84.29048765,28,11,0,11,13,4,7,6,2,9
39.32746497,-84.44936479,32,12,1,15,16,5,18,8,5,10
39.60056809784657,-84.09561049,31,13,0,14,14,6,10,3,4,9
39.76672665949757,-83.97853955,31,13,0,14,14,6,10,3,4,9
40.288615172640334,-84.08617667,31,13,0,14,14,6,10,3,4,9
40.92948680331492,-84.56070005,30,11,1,25,17,11,18,7,6,18
40.92827200347581,-84.5606178,30,11,1,25,17,11,18,7,6,18
39.45490179470603,-84.3762289,32,12,1,15,16,5,18,8,5,10
40.171464085951975,-75.31006582,17,2,1,5,14,4,3,2,2,3
39.76152113210777,-76.27800187,15,0,0,4,11,2,1,1,1,2
40.454335998078825,-75.5051004,17,2,1,5,14,4,3,2,2,3
40.22089071301578,-75.58287816,17,2,1,5,14,4,3,2,2,3
40.212255497711176,-75.34703805,17,2,1,5,14,4,3,2,2,3
40.45716431912922,-75.5082743,17,2,1,5,14,4,3,2,2,3
40.15016057543746,-76.71273843,15,0,0,4,11,2,1,1,1,2
40.61993210821715,-75.30874535,9,0,0,2,11,2,1,0,1,2
40.551723013095234,-75.64251188,9,0,0,2,8,1,1,0,1,2
40.42910509126329,-77.17084638,16,0,0,7,11,3,2,1,2,2
40.57390181557675,-75.56160082,9,0,0,2,11,2,1,0,1,2
41.08776309781721,-76.14962279,9,0,0,2,8,1,1,0,1,2
41.11494894902516,-76.15840193,9,0,0,2,8,1,1,0,1,2
39.73945175224373,-76.30484986,15,0,0,4,11,2,1,1,1,2
40.836079499902254,-76.82786399,9,0,0,2,8,1,1,0,1,2
41.81348943046942,-76.99603374,7,0,0,0,6,0,1,0,1,0
40.38948122128307,-79.05907455,13,0,0,4,5,3,1,0,1,2
40.65789415501085,-79.33832801,8,0,0,2,5,0,0,0,1,1
41.84223852733811,-78.40927655,8,0,0,0,4,0,1,0,1,0
40.64159111482023,-79.34600441,8,0,0,2,5,0,0,0,1,1
40.801534684609415,-79.79579592,13,3,0,4,9,3,1,0,2,3
40.21036540501508,-79.72388983,12,1,0,3,4,2,1,0,0,2
40.92830880730363,-79.46662558,13,3,0,4,9,3,1,0,2,3
40.166547964129066,-79.72371359,12,1,0,3,4,2,1,0,0,2
39.718224104725714,-79.9334394,12,1,0,3,4,2,1,0,0,2
40.52968880665416,-79.79688973,13,3,0,4,9,3,1,0,2,3
40.72293618380576,-80.09841849,13,3,0,4,9,3,1,0,2,3
41.51610467113757,-80.00986633,6,0,0,0,3,0,0,0,0,0
41.93456867957655,-80.38463517,6,0,0,0,3,0,0,0,0,0
42.06963871179298,-80.04825206,6,0,0,0,3,0,0,0,0,0
39.74070524599464,-80.03315582,12,1,0,3,4,2,1,0,0,2
39.380071792424886,-80.33192626,11,1,0,0,3,2,1,0,0,0
39.72790605656906,-79.96045894,12,1,0,3,4,2,1,0,0,2
39.20305357217216,-79.27205067,12,1,0,2,8,3,0,0,1,0
40.46500415726357,-80.04667411,12,1,0,3,4,2,1,0,0,2
40.56630062383978,-80.23558197,13,3,0,4,9,3,1,0,2,3
40.99248666965215,-80.43821018,13,3,0,4,9,3,1,0,2,3
37.23710415103545,-80.17015333,10,5,0,1,8,2,0,0,1,0
38.20491303086168,-81.42066914,15,1,0,2,5,2,0,0,0,1
37.381241791365554,-79.89771936,10,5,0,1,8,2,0,0,1,0
37.86754955,-79.42066636,12,2,0,0,4,2,0,0,0,0
37.374365578665234,-79.90049545,10,5,0,1,8,2,0,0,1,0
37.37560454804682,-79.89325563,10,5,0,1,8,2,0,0,1,0
37.42553165782862,-79.03628055,13,6,2,4,11,4,2,1,2,1
36.63494973457497,-79.70485362,5,5,1,1,7,1,0,1,1,1
38.31416287538748,-78.97085202,17,3,0,2,14,4,1,1,2,0
38.10717346358312,-78.84868214,17,3,0,2,14,4,1,1,2,0
39.057776759034674,-78.25407824,12,1,0,2,8,3,0,0,1,0
36.86585474,-78.7066438,13,6,2,4,11,4,2,1,2,1
36.93665236235001,-77.75902219,23,10,1,5,14,3,4,6,9,5
39.20221969504488,-79.22180022,12,1,0,2,8,3,0,0,1,0
38.79081911,-77.56523772,16,1,0,4,12,4,2,0,3,4
38.89499134537724,-77.56819037,16,1,0,4,12,4,2,0,3,4
38.50126470035829,-77.70846146,24,8,0,6,20,3,2,4,7,5
37.867446254747584,-78.3792803,17,3,0,2,14,4,1,1,2,0
37.69767333483257,-77.48431051,24,8,0,6,20,3,2,4,7,5
38.06116876960204,-77.79719649,24,8,0,6,20,3,2,4,7,5
38.96383193281794,-77.5489784,16,1,0,4,12,4,2,0,3,4
38.89399875806663,-77.56447714,16,1,0,4,12,4,2,0,3,4
38.72358361339487,-77.28858707,16,1,0,4,12,4,2,0,3,4
38.69237140377925,-77.29483147,16,1,0,4,12,4,2,0,3,4
38.56306950105283,-77.59553745,24,8,0,6,20,3,2,4,7,5
38.78119086050941,-77.39885936,16,1,0,4,12,4,2,0,3,4
38.04692984683385,-77.55016201,24,8,0,6,20,3,2,4,7,5
38.26249516899937,-77.58935358,24,8,0,6,20,3,2,4,7,5
38.249914481159934,-77.78274921,24,8,0,6,20,3,2,4,7,5
37.502804332513946,-77.70383299,23,10,1,5,14,3,4,6,9,5
37.436932637943606,-77.15871326,23,10,1,5,14,3,4,6,9,5
37.08554370708608,-77.40595721,23,10,1,5,14,3,4,6,9,5
36.72313925749592,-77.65538502,13,9,1,4,13,2,2,3,9,5
37.16226564241245,-76.69515112,0,0,0,0,0,0,0,0,0,0
37.21604102,-76.60768082,0,0,0,0,0,0,0,0,0,0
36.76293055920806,-76.3551829,0,0,0,0,0,0,0,0,0,0
37.65840869490388,-81.67749774,9,1,0,0,5,2,0,0,0,0
38.46879650811992,-81.82680252,15,1,0,2,5,2,0,0,0,1
39.34476931833635,-81.3086116,17,1,0,4,6,3,3,0,2,3
39.35123623971733,-80.06458528,11,1,0,0,3,2,1,0,0,0
26.67298159426922,-81.76902981,0,3,0,0,1,0,0,3,0,0
26.03536778622068,-80.43974991,0,0,0,0,0,0,0,0,0,0
26.709842019230805,-80.37671814,0,0,0,0,0,0,0,0,0,0
28.817155864814108,-81.95527496,0,0,0,0,0,0,0,1,0,0
28.22680435304755,-82.0270057,0,0,0,0,0,0,0,0,0,0
29.72325665,-81.76473897,0,0,0,0,0,0,0,0,0,0
29.627942803154653,-81.5813123,0,0,0,0,0,0,0,0,0,0
30.10450985216949,-81.83934069,0,0,0,0,0,0,0,0,0,0
28.384194047677205,-80.91532339,0,0,0,0,0,0,0,3,0,0
29.00428828911343,-81.15869412,0,0,0,0,0,0,0,3,0,0
27.63740515,-80.79112349,0,4,0,1,1,0,0,5,0,0
27.05686331306035,-80.56017769,0,0,0,0,0,0,0,0,0,0
27.372165456411903,-80.41582654,0,0,0,0,0,0,0,0,0,0
26.196950321573336,-80.29675226,0,0,0,0,0,0,0,0,0,0
26.692632628976696,-80.37533703,0,0,0,0,0,0,0,0,0,0
25.813223957714985,-80.4406303,0,0,0,0,0,0,0,0,0,0
25.813405761294103,-80.43547531,0,0,0,0,0,0,0,0,0,0
28.57502655228542,-82.49849749,0,0,0,0,0,0,0,1,0,0
28.05881478629702,-82.65452622,0,0,0,0,0,0,0,0,0,0
28.527919006200385,-82.50064235,0,0,0,0,0,0,0,1,0,0
28.96057171029909,-82.69789864,0,0,0,0,0,0,0,1,0,0
39.06324045325695,-89.40028385,58,50,18,33,36,25,45,24,20,35
39.184914174866414,-89.02876329,56,42,15,26,30,23,36,20,17,31
39.59327843986101,-89.49621723,53,44,12,32,34,25,43,19,15,34
39.576840455680426,-89.58333431,58,50,18,33,36,25,45,24,20,35
39.85122177110213,-89.33547608,52,39,11,28,28,24,35,15,10,26
40.45267097114549,-88.90434676,52,39,11,28,28,24,35,15,10,26
40.56218441549289,-89.53744563,47,38,12,37,32,26,39,14,12,28
40.78498262774083,-89.70056871,47,38,12,37,32,26,39,14,12,28
40.973227947909386,-90.33023463,47,38,12,37,32,26,39,14,12,28
40.47884070286438,-88.79739965,52,39,11,28,28,24,35,15,10,26
39.22142415180916,-88.75919705,56,42,15,26,30,23,36,20,17,31
37.87857450865733,-88.84926507,64,42,16,33,34,28,37,26,20,32
38.031360134144094,-88.27736693,64,42,16,33,34,28,37,26,20,32
40.15819762851395,-88.33993385,52,39,11,28,28,24,35,15,10,26
38.93868246,-88.27475119,56,42,15,26,30,23,36,20,17,31
39.99283178688017,-87.69917994,47,29,7,23,24,18,23,13,13,22
38.20399387933672,-89.85166383,67,51,17,32,34,33,44,30,26,36
38.59989753783937,-90.17889446,67,51,17,32,34,33,44,30,26,36
41.68138281971326,-90.52765627,35,25,10,35,26,20,28,12,9,23
41.791157825641136,-90.29546666,35,25,10,35,26,20,28,12,9,23
38.32186617510326,-87.42397243,57,32,10,27,31,19,22,23,15,20
38.527354861180754,-87.24945848,57,32,10,27,31,19,22,23,15,20
38.87092471429799,-86.51015729,41,20,5,23,23,10,24,13,10,15
39.06587390397138,-87.51158569,52,33,9,25,28,19,26,20,17,21
40.46908620889239,-87.01458785,47,29,7,23,24,18,23,13,13,22
39.94246585335707,-87.5009546,47,29,7,23,24,18,23,13,13,22
39.97176104204808,-86.83172823,43,20,4,24,20,9,18,9,9,20
39.23569860640069,-87.54655523,52,33,9,25,28,19,26,20,17,21
39.70900551990863,-86.62831619,43,20,4,24,20,9,18,9,9,20
38.31180060070155,-87.02398515,57,32,10,27,31,19,22,23,15,20
39.69221788035979,-86.32384873,43,20,4,24,20,9,18,9,9,20
39.87829434458758,-86.48339909,43,20,4,24,20,9,18,9,9,20
39.98270797960739,-86.30645645,43,20,4,24,20,9,18,9,9,20
39.29616782491284,-86.52054156,41,20,5,23,23,10,24,13,10,15
39.17411947,-85.8696677,41,20,5,23,23,10,24,13,10,15
40.67779116193356,-86.26039978,37,15,3,26,17,13,23,8,8,22
40.09410732,-86.16636702,43,20,4,24,20,9,18,9,9,20
40.09816447751126,-85.97282485,43,20,4,24,20,9,18,9,9,20
39.71401056293319,-86.05239802,43,20,4,24,20,9,18,9,9,20
39.78420459420714,-86.30462763,43,20,4,24,20,9,18,9,9,20
39.85570391570545,-86.22834406,43,20,4,24,20,9,18,9,9,20
39.88171603374657,-85.45924732,34,12,1,16,15,8,16,4,5,13
41.334778751372106,-91.5551451,48,49,13,45,36,32,48,18,11,35
41.57022532271139,-91.53616466,40,40,11,44,29,24,35,13,9,31
41.90347119976941,-91.81190931,40,40,11,44,29,24,35,13,9,31
41.93056956382461,-91.70100954,40,40,11,44,29,24,35,13,9,31
41.55489292660612,-91.22368924,40,40,11,44,29,24,35,13,9,31
41.61051799605583,-92.56350769,45,49,11,45,32,30,39,17,10,34
42.58599642820358,-91.90177127,38,37,10,41,28,22,31,13,8,34
42.54565196740609,-91.0189955,35,26,9,41,26,17,24,10,9,30
41.57504645076613,-90.69034955,40,40,11,44,29,24,35,13,9,31
41.56516065150701,-90.8117508,40,40,11,44,29,24,35,13,9,31
42.40229064341131,-90.66378457,40,40,11,44,29,24,35,13,9,31
42.25663664457271,-90.49581292,35,25,10,35,26,20,28,12,9,23
43.48151495330728,-92.61211241,29,26,9,29,29,15,28,10,7,34
41.67514656341784,-93.49779785,48,54,11,47,30,31,47,20,9,41
43.55716379597297,-92.68064589,29,26,9,29,29,15,28,10,7,34
41.54154380239089,-93.52717353,48,54,11,47,30,31,47,20,9,41
41.45916519090359,-93.68056318,55,60,15,55,36,42,51,26,15,48
42.79523210348984,-93.29972755,40,47,10,43,30,21,41,19,8,38
43.10052150137189,-93.2933243,40,47,10,43,30,21,41,19,8,38
43.25361681632581,-93.29177546,40,47,10,43,30,21,41,19,8,38
42.77552370135103,-93.41852636,40,47,10,43,30,21,41,19,8,38
41.33636934201286,-93.90867876,55,60,15,55,36,42,51,26,15,48
41.50887241654206,-93.92070462,48,54,11,47,30,31,47,20,9,41
41.621700998320975,-93.91883573,48,54,11,47,30,31,47,20,9,41
42.371087645688455,-94.11644669,48,54,11,47,30,31,47,20,9,41
42.56615315504748,-94.09217184,40,47,10,43,30,21,41,19,8,38
43.17010375436637,-94.1565671,40,47,10,43,30,21,41,19,8,38
41.46516495152155,-94.60656728,64,68,18,53,44,35,53,27,15,59
43.20787469345393,-95.58159542,40,55,10,42,33,21,44,21,9,41
41.19837205350062,-95.7976614,69,69,25,56,49,37,57,35,17,62
43.66990475870417,-95.14380656,29,43,7,33,36,15,44,17,8,45
42.60298715863198,-96.30626534,41,59,13,41,44,21,45,21,11,55
37.79348171,-87.05833072,57,32,10,27,31,19,22,23,15,20
38.172926472222855,-85.8509567,48,20,4,19,22,12,21,14,10,15
46.05807213283086,-87.50778195,7,3,2,6,11,3,10,2,2,11
46.577003876494445,-87.40724487,1,1,0,1,3,0,0,0,0,6
43.80053967825214,-92.68248433,29,26,9,29,29,15,28,10,7,34
44.63842344925379,-92.99663431,10,18,7,24,28,9,24,9,5,29
44.59591818241661,-93.29591823,16,31,6,27,34,10,34,13,7,35
44.78661355025641,-93.42692851,16,31,6,27,34,10,34,13,7,35
44.55506525509436,-93.65683185,16,31,6,27,34,10,34,13,7,35
45.03427327495967,-93.0387929,10,18,7,24,28,9,24,9,5,29
45.22077128297402,-93.30702315,16,31,6,27,34,10,34,13,7,35
45.03019055423047,-92.78118787,10,18,7,24,28,9,24,9,5,29
45.460829406628186,-92.91331227,8,17,3,12,25,5,20,4,4,19
44.88747852978787,-93.01165134,10,18,7,24,28,9,24,9,5,29
47.364096796191774,-92.69066726,6,11,0,9,16,1,12,0,3,13
45.89796734288737,-91.52099411,4,9,2,10,17,2,13,2,2,15
44.03448330878776,-92.66965423,29,26,9,29,29,15,28,10,7,34
44.77515112718594,-93.57014872,16,31,6,27,34,10,34,13,7,35
44.51532087894449,-94.82850552,21,36,7,33,35,14,39,12,7,41
44.198543577852064,-94.00838882,29,34,7,32,31,16,37,14,8,43
44.992649113335744,-93.45701156,16,31,6,27,34,10,34,13,7,35
44.86278800588947,-93.43532969,16,31,6,27,34,10,34,13,7,35
45.330837201546885,-93.84638409,10,20,2,15,30,3,26,6,6,25
45.37501976729513,-93.89759839,10,20,2,15,30,3,26,6,6,25
45.542919323246274,-94.27436829,10,20,2,15,30,3,26,6,6,25
45.56913753004834,-94.03875568,10,20,2,15,30,3,26,6,6,25
45.656011194850656,-94.70921576,20,25,4,21,31,4,34,9,7,26
45.84723089886045,-95.40564664,20,25,4,21,31,4,34,9,7,26
43.71206781154034,-95.71959097,31,47,9,35,39,16,43,21,11,44
44.773477154093975,-95.60171695,21,36,7,33,35,14,39,12,7,41
44.80363548749342,-95.52971109,21,36,7,33,35,14,39,12,7,41
46.95107086505471,-97.07598116,25,30,7,28,37,15,36,11,11,37
38.13285120729044,-90.26563261,67,51,17,32,34,33,44,30,26,36
38.92204123880869,-91.46017807,67,52,17,44,37,31,46,31,24,42
38.758702639687016,-91.78440206,67,52,17,44,37,31,46,31,24,42
38.55005941930106,-92.03588004,72,60,22,46,21,33,47,37,26,42
46.91749280830014,-96.87430571,21,26,4,25,29,11,31,9,10,31
44.86436750116562,-96.53965493,26,36,9,32,37,12,42,14,9,43
42.84239402050977,-87.83465957,3,0,0,0,0,0,0,0,0,3
42.70584097653637,-87.8683811,3,0,0,0,0,0,0,0,0,3
43.13025171376024,-88.00820491,3,0,0,0,0,0,0,0,0,3
43.37207384496402,-87.9589816,2,0,0,0,0,0,0,0,0,3
43.71102600079547,-87.8383363,2,0,0,0,0,0,0,0,0,3
43.73488613,-88.49433175,18,9,5,17,18,5,14,3,4,20
44.28062395961461,-87.53844524,2,0,0,0,0,0,0,0,0,3
44.22074091493036,-88.1318481,18,9,5,17,18,5,14,3,4,20
44.21539390763682,-87.87954876,2,0,0,0,0,0,0,0,0,3
44.342869503422456,-87.5396148,2,1,0,0,0,0,0,0,0,5
44.36880964246105,-88.35454224,11,7,4,13,15,4,14,3,3,16
44.32164785,-88.2075563,11,7,4,13,15,4,14,3,3,16
43.48580395518191,-89.41703199,19,13,5,25,22,10,23,6,5,24
43.97972509245444,-88.6329784,18,9,5,17,18,5,14,3,4,20
44.42015890771695,-88.71913327,11,7,4,13,15,4,14,3,3,16
44.838403842095495,-88.19423018,11,7,4,13,15,4,14,3,3,16
44.71994275239242,-88.6747477,11,7,4,13,15,4,14,3,3,16
43.09217169262016,-89.56819983,30,18,8,32,22,13,21,10,5,24
44.50005962140504,-89.60527447,9,4,4,11,16,4,15,2,2,17
43.25680511203037,-89.4163912,30,18,8,32,22,13,21,10,5,24
44.557989104227126,-89.94450415,9,4,4,11,16,4,15,2,2,17
44.847215119023694,-89.65609945,9,4,4,11,16,4,15,2,2,17
43.95315329923306,-91.28269043,23,18,10,32,25,15,22,8,6,27
42.68614031839499,-84.78535876,19,7,3,18,10,5,11,3,4,15
42.36902720899453,-85.15841132,23,7,3,24,12,8,17,5,5,17
42.37788199238531,-83.98078973,20,6,1,13,13,6,12,2,4,10
43.21082980590721,-84.8301088,19,7,3,18,10,5,11,3,4,15
42.99994533,-85.415329,19,7,3,18,10,5,11,3,4,15
43.20951175840089,-84.52937627,19,7,3,18,10,5,11,3,4,15
43.17946970990527,-85.82128032,7,0,0,0,2,0,0,0,0,4
43.43302690229831,-84.21659265,9,2,0,5,5,1,6,0,0,5
43.57391071419392,-84.18132324,9,2,0,5,5,1,6,0,0,5
45.02945192027706,-84.73303926,7,2,0,5,8,0,6,1,1,10
44.27404875144213,-84.13593725,9,2,0,5,5,1,6,0,0,5
44.69528619895998,-85.61639673,7,2,0,5,8,0,6,1,1,10
43.02416123929963,-83.94310248,23,6,4,15,13,5,10,2,5,14
43.456607155817935,-83.78454078,9,2,0,5,5,1,6,0,0,5
42.55486951063454,-84.02523253,23,6,4,15,13,5,10,2,5,14
42.11128826937262,-83.65316416,20,6,1,13,13,6,12,2,4,10
42.35328661578792,-83.62301217,20,6,1,13,13,6,12,2,4,10
42.31031944415161,-83.46516585,20,6,1,13,13,6,12,2,4,10
42.41547501352433,-84.48555804,19,7,3,18,10,5,11,3,4,15
42.43653379,-85.60882514,19,7,3,18,10,5,11,3,4,15
42.923305429927765,-83.45332389,23,6,4,15,13,5,10,2,5,14
41.83971080472872,-83.77024959,20,6,1,13,13,6,12,2,4,10
43.36922885582766,-83.69161542,9,2,0,5,5,1,6,0,0,5
43.81180133814403,-83.1181395,1,0,0,0,0,0,0,0,0,0
42.71096011440151,-83.45682341,23,6,4,15,13,5,10,2,5,14
42.512804358688136,-83.52820212,23,6,4,15,13,5,10,2,5,14
42.73161581454446,-83.28339395,23,6,4,15,13,5,10,2,5,14
42.71789303147173,-83.00872484,12,2,0,6,8,4,3,0,1,3
42.49050071,-83.44217329,23,6,4,15,13,5,10,2,5,14
42.11639931032596,-83.24849218,20,6,1,13,13,6,12,2,4,10
43.829531278474505,-82.86898539,1,0,0,0,0,0,0,0,0,0
42.79901952312219,-83.00557577,12,2,0,6,8,4,3,0,1,3
42.91921874140102,-82.70522989,12,2,0,6,8,4,3,0,1,3
43.10300668766487,-82.70194037,12,2,0,6,8,4,3,0,1,3
42.66139174615802,-83.12086908,12,2,0,6,8,4,3,0,1,3
42.47387122835024,-82.99668896,12,2,0,6,8,4,3,0,1,3
42.59423280181316,-82.9966006,12,2,0,6,8,4,3,0,1,3
42.76461725855878,-82.47455305,12,2,0,6,8,4,3,0,1,3
42.72495271511979,-82.84842543,12,2,0,6,8,4,3,0,1,3
42.96940407682327,-85.80886841,7,0,0,0,2,0,0,0,0,4
42.81729875318002,-85.55342469,19,7,3,18,10,5,11,3,4,15
42.832437555102345,-85.97686479,7,0,0,0,2,0,0,0,0,4
42.91516590452488,-86.1908834,7,0,0,0,2,0,0,0,0,4
43.88988239344346,-86.44138492,6,1,0,0,4,0,3,0,0,9
42.91716066,-86.12295403,7,0,0,0,2,0,0,0,0,4
43.946478540872086,-86.36307214,6,1,0,0,4,0,3,0,0,9
48.39965376333743,-102.8480302,16,16,2,23,26,13,19,10,10,19
26.27747462253168,-97.61339781,0,2,1,1,0,0,0,3,0,0
26.34413923940048,-98.1891187,41,30,54,52,35,35,54,63,63,39
26.146627903428097,-97.6427407,0,2,1,1,0,0,0,3,0,0
27.09233255566229,-97.77438883,0,2,2,2,0,2,4,6,3,8
27.0034459,-97.58347305,0,2,2,2,0,2,4,6,3,8
27.002598400003706,-97.58420388,0,2,2,2,0,2,4,6,3,8
27.10316055458141,-97.52885522,0,2,2,2,0,2,4,6,3,8
27.10343579,-97.52963454,0,2,2,2,0,2,4,6,3,8
27.560527336540066,-97.66883427,1,4,3,1,2,6,11,10,4,14
27.843613856296223,-97.61489523,1,4,3,1,2,6,11,10,4,14
27.93580405382364,-97.36056188,1,4,3,1,2,6,11,10,4,14
28.739599366062148,-98.02392838,15,13,13,20,8,26,25,32,13,31
28.716724925308284,-97.21284488,15,13,13,20,8,26,25,32,13,31
28.79955926594191,-96.05017105,0,0,0,0,0,0,0,0,0,0
28.59831345140935,-97.04744486,15,13,13,20,8,26,25,32,13,31
28.842680467073112,-97.83724947,15,13,13,20,8,26,25,32,13,31
28.786770032549057,-97.01033352,15,13,13,20,8,26,25,32,13,31
30.145526027853137,-97.26879955,39,34,46,58,12,47,43,61,53,43
30.251269372367485,-97.48731283,56,46,60,63,15,50,57,56,46,52
30.142637956316914,-97.54534893,39,34,46,58,12,47,43,61,53,43
30.145543526601976,-97.54851804,39,34,46,58,12,47,43,61,53,43
30.275384109714363,-97.53973236,56,46,60,63,15,50,57,56,46,52
30.147750254253392,-97.27278845,39,34,46,58,12,47,43,61,53,43
30.57732825750865,-97.07692557,56,46,60,63,15,50,57,56,46,52
30.04439221,-96.98651149,39,34,46,58,12,47,43,61,53,43
30.417017251119248,-97.3591062,56,46,60,63,15,50,57,56,46,52
29.91829627901357,-96.75517107,25,16,34,43,14,45,30,54,43,35
30.00546976509488,-97.67431165,39,34,46,58,12,47,43,61,53,43
29.79556624290765,-96.87838344,39,34,46,58,12,47,43,61,53,43
29.91360290297165,-96.75614632,25,16,34,43,14,45,30,54,43,35
29.77275547143573,-97.94975785,39,34,46,58,12,47,43,61,53,43
30.3049807,-97.6141505,56,46,60,63,15,50,57,56,46,52
30.410050965225533,-97.5738361,56,46,60,63,15,50,57,56,46,52
29.65104120816611,-98.01722595,39,34,46,58,12,47,43,61,53,43
30.55116690814341,-97.56134301,56,46,60,63,15,50,57,56,46,52
30.97212595961536,-97.5111194,56,46,60,63,15,50,57,56,46,52
30.566942781540423,-97.39743265,56,46,60,63,15,50,57,56,46,52
31.12963925910158,-97.26106454,66,63,65,66,19,54,64,57,50,58
31.07909170258602,-97.30759094,56,46,60,63,15,50,57,56,46,52
31.00456535584272,-97.25960302,56,46,60,63,15,50,57,56,46,52
31.056312007237512,-97.31271425,56,46,60,63,15,50,57,56,46,52
31.038522947888566,-97.72279732,56,46,60,63,15,50,57,56,46,52
31.860976669246742,-97.36538082,66,63,65,66,19,54,64,57,50,58
32.014784785128484,-97.13694963,66,63,65,66,19,54,64,57,50,58
32.068875755843685,-97.74789262,85,72,77,65,19,52,67,63,38,62
32.44419389898947,-97.07234494,85,72,77,65,19,52,67,63,38,62
32.68497179,-97.47162494,85,72,77,65,19,52,67,63,38,62
32.59615547803755,-97.43999809,85,72,77,65,19,52,67,63,38,62
32.80632598160332,-97.67623221,85,72,77,65,19,52,67,63,38,62
32.640561921412335,-97.25151961,85,72,77,65,19,52,67,63,38,62
32.90501421426365,-97.38394059,85,72,77,65,19,52,67,63,38,62
32.99211786311791,-97.26158947,91,80,78,69,24,57,72,61,56,64
32.29777623,-97.78986132,85,72,77,65,19,52,67,63,38,62
33.05614940722611,-97.91029507,91,80,78,69,24,57,72,61,56,64
33.06618396987141,-97.00957246,91,80,78,69,24,57,72,61,56,64
33.17576670840672,-97.21917915,91,80,78,69,24,57,72,61,56,64
33.32485750494737,-97.31048817,91,80,78,69,24,57,72,61,56,64
33.27719370663026,-98.10680136,91,80,78,69,24,57,72,61,56,64
33.31815872,-96.63956055,92,75,69,69,25,59,66,61,56,67
34.08526157,-99.14533489,89,87,85,77,40,67,67,70,54,70
32.98454154712305,-96.93845293,91,80,78,69,24,57,72,61,56,64
33.19071335524054,-96.33793896,92,75,69,69,25,59,66,61,56,67
33.61394530485258,-96.37331973,92,75,69,69,25,59,66,61,56,67
33.62745760957504,-96.37037961,92,75,69,69,25,59,66,61,56,67
33.012599805462074,-96.77744645,92,75,69,69,25,59,66,61,56,67
33.05991318898325,-96.70020908,92,75,69,69,25,59,66,61,56,67
32.95796276897408,-96.61221025,84,74,69,67,22,57,61,60,53,65
32.96935675091472,-96.35068107,84,74,69,67,22,57,61,60,53,65
32.77770789,-96.82594767,84,74,69,67,22,57,61,60,53,65
32.72789079422391,-96.77415513,84,74,69,67,22,57,61,60,53,65
32.75785702653075,-96.48696387,84,74,69,67,22,57,61,60,53,65
32.55873151139146,-96.72636265,84,74,69,67,22,57,61,60,53,65
31.96396567516578,-96.51799657,81,62,72,69,27,56,67,64,56,57
32.55366955545635,-96.53752843,84,74,69,67,22,57,61,60,53,65
31.897464953811863,-97.01807522,66,63,65,66,19,54,64,57,50,58
31.57474309691643,-96.9643834,66,63,65,66,19,54,64,57,50,58
31.473449179609048,-96.96080518,66,63,65,66,19,54,64,57,50,58
31.371092438931807,-96.1328734,81,62,72,69,27,56,67,64,56,57
31.09127250558225,-96.69355595,68,52,64,69,21,55,64,63,63,49
31.18586331077545,-96.4842537,81,62,72,69,27,56,67,64,56,57
29.96259299307344,-96.68792178,25,16,34,43,14,45,30,54,43,35
30.111212731275955,-96.42575466,25,16,34,43,14,45,30,54,43,35
30.02552180089002,-96.99492475,39,34,46,58,12,47,43,61,53,43
29.67785622343097,-97.1058559,39,34,46,58,12,47,43,61,53,43
29.02904062741785,-96.23711634,0,0,0,0,0,0,0,0,0,0
28.81551365325217,-97.7406401,15,13,13,20,8,26,25,32,13,31
28.69293505274105,-96.9455828,15,13,13,20,8,26,25,32,13,31
33.63929941893841,-95.58097952,85,66,64,59,24,58,61,56,53,57
33.08553321013551,-95.61640868,85,66,64,59,24,58,61,56,53,57
32.67297683143342,-96.54558185,84,74,69,67,22,57,61,60,53,65
31.890085522221607,-96.11341595,81,62,72,69,27,56,67,64,56,57
31.819544003187644,-96.05745412,81,62,72,69,27,56,67,64,56,57
31.42474846978609,-96.24708773,81,62,72,69,27,56,67,64,56,57
30.66135111035792,-95.97327764,68,52,64,69,21,55,64,63,63,49
30.85881415885638,-96.25887296,68,52,64,69,21,55,64,63,63,49
30.62235986379729,-96.08153888,68,52,64,69,21,55,64,63,63,49
31.183318700022056,-96.48451121,81,62,72,69,27,56,67,64,56,57
29.480936521876224,-95.62421638,10,8,7,11,6,12,11,24,11,11
28.88636874888637,-96.19110397,0,0,0,0,0,0,0,0,0,0
32.23454377052287,-95.94950755,84,74,69,67,22,57,61,60,53,65
30.593882079739373,-95.91896259,68,52,64,69,21,55,64,63,63,49
29.910076021902544,-95.77718537,25,16,34,43,14,45,30,54,43,35
30.09006842302168,-95.60602825,10,8,7,11,6,12,11,24,11,11
29.91534413377937,-95.21631712,10,8,7,11,6,12,11,24,11,11
29.673782146068195,-95.71766825,25,16,34,43,14,45,30,54,43,35
29.93950983011481,-95.53308633,10,8,7,11,6,12,11,24,11,11
29.482709810003048,-95.63053956,25,16,34,43,14,45,30,54,43,35
29.823443814233784,-95.57314072,10,8,7,11,6,12,11,24,11,11
29.467320858233464,-97.99986424,39,34,46,58,12,47,43,61,53,43
28.98610976770448,-95.35814749,0,0,0,0,0,0,0,0,0,0
29.83675305445803,-95.12342551,10,8,7,11,6,12,11,24,11,11
29.818459155715697,-95.21825902,10,8,7,11,6,12,11,24,11,11
29.94073567106473,-95.36972904,10,8,7,11,6,12,11,24,11,11
30.090247652280425,-95.49045252,10,8,7,11,6,12,11,24,11,11
29.814667928791785,-95.43482031,10,8,7,11,6,12,11,24,11,11
29.45637525033942,-95.30831374,10,8,7,11,6,12,11,24,11,11
29.71880136878028,-95.53669765,10,8,7,11,6,12,11,24,11,11
29.460358691608945,-95.25797897,10,8,7,11,6,12,11,24,11,11
29.487875850699726,-94.98235593,10,8,7,11,6,12,11,24,11,11
29.74794832077957,-94.92497304,10,8,7,11,6,12,11,24,11,11
31.36992408043568,-94.76858177,69,49,54,63,25,53,57,54,42,45
28.704005654078227,-98.47430697,41,47,51,62,16,50,55,75,69,55
29.31254905851201,-98.32038632,36,35,36,57,10,47,53,56,54,40
29.620603572654964,-98.14863561,36,35,36,57,10,47,53,56,54,40
29.78314301108131,-97.99014955,39,34,46,58,12,47,43,61,53,43
29.984999484742264,-98.88663706,36,35,36,57,10,47,53,56,54,40
29.59308505565597,-97.97493197,39,34,46,58,12,47,43,61,53,43
29.580647513371435,-98.40884067,36,35,36,57,10,47,53,56,54,40
29.623186775088307,-98.14105574,36,35,36,57,10,47,53,56,54,40
29.619565624827512,-98.57161795,36,35,36,57,10,47,53,56,54,40
31.53805208,-99.19479972,58,57,69,65,12,44,62,50,19,55
31.86902029978016,-98.5533074,58,57,69,65,12,44,62,50,19,55
32.33525633543472,-97.73206868,85,72,77,65,19,52,67,63,38,62
33.13854420732397,-98.60945015,88,84,87,76,29,66,76,69,51,67
33.10306749757109,-97.95309567,91,80,78,69,24,57,72,61,56,64
33.80998002415948,-98.60061958,88,84,87,76,29,66,76,69,51,67
33.00137381637691,-99.6054944,74,76,90,69,28,68,71,59,53,68
33.080159601581975,-99.58073941,74,76,90,69,28,68,71,59,53,68
26.457694467372875,-98.73702095,41,44,57,65,38,44,61,73,73,52
26.487494601718048,-98.59449992,41,44,57,65,38,44,61,73,73,52
26.932812473634097,-99.23389478,41,44,57,65,38,44,61,73,73,52
27.327584715681123,-99.4115574,60,56,68,74,34,48,77,94,71,62
26.492620502586025,-98.4483093,41,44,57,65,38,44,61,73,73,52
27.57943929325112,-99.27564284,52,59,62,67,38,53,67,83,80,63
28.92739752,-99.09262617,41,47,51,62,16,50,55,75,69,55
29.415847744822376,-98.71818502,36,35,36,57,10,47,53,56,54,40
29.25831528975113,-98.38422767,36,35,36,57,10,47,53,56,54,40
29.35018610569765,-98.57527382,36,35,36,57,10,47,53,56,54,40
31.81883300328335,-98.6636478,58,57,69,65,12,44,62,50,19,55
32.63580079288321,-99.53785463,63,64,74,65,20,58,64,55,44,54
32.62926600765866,-99.54129993,63,64,74,65,20,58,64,55,44,54
32.75003990199285,-99.32805273,80,66,84,64,21,51,67,56,34,62
32.531041041483626,-100.6843688,41,47,63,60,22,55,54,43,37,46
33.88653835034736,-98.42943666,88,84,87,76,29,66,76,69,51,67
27.321232132372234,-98.99806829,41,44,57,65,38,44,61,73,73,52
29.07937775142218,-99.04848462,41,47,51,62,16,50,55,75,69,55
29.05992711865239,-98.9503932,41,47,51,62,16,50,55,75,69,55
32.19017773609875,-100.0171307,63,64,74,65,20,58,64,55,44,54
31.52900613895057,-100.3209317,42,41,48,55,11,46,56,40,29,44
32.11718925778832,-100.1548149,63,64,74,65,20,58,64,55,44,54
32.19651450668372,-100.0230565,63,64,74,65,20,58,64,55,44,54
34.082631828736204,-99.18077001,89,87,85,77,40,67,67,70,54,70
33.944272266751824,-99.77405918,81,78,86,75,35,67,70,62,55,63
34.234163010609365,-99.43416366,81,78,86,75,35,67,70,62,55,63
32.52374791793737,-99.82251025,63,64,74,65,20,58,64,55,44,54
32.5247364,-99.82239353,63,64,74,65,20,58,64,55,44,54
32.62877033825947,-99.5404205,63,64,74,65,20,58,64,55,44,54
32.768425850618705,-99.42282495,63,64,74,65,20,58,64,55,44,54
32.59869201214308,-100.862012,41,47,63,60,22,55,54,43,37,46
34.29401906,-99.36944041,89,87,85,77,40,67,67,70,54,70
31.04756138583307,-100.5429272,30,33,30,39,5,28,48,36,18,39
32.46422694890199,-100.2169025,63,64,74,65,20,58,64,55,44,54
32.378501918788885,-100.7271696,41,47,63,60,22,55,54,43,37,46
32.43771292299762,-100.3520954,63,64,74,65,20,58,64,55,44,54
32.86022106270168,-101.0088003,41,47,63,60,22,55,54,43,37,46
30.975855461769083,-102.2890918,20,21,55,46,13,38,49,25,30,45
31.513799167076268,-100.598022,42,41,48,55,11,46,56,40,29,44
31.869273143483227,-100.776933,34,37,55,51,13,40,47,34,37,43
31.93932620391153,-100.8301843,34,37,55,51,13,40,47,34,37,43
32.003672405437094,-101.2732002,34,37,55,51,13,40,47,34,37,43
31.94070693558679,-100.8270486,34,37,55,51,13,40,47,34,37,43
32.334312869984394,-100.9162203,41,47,63,60,22,55,54,43,37,46
32.398735350998834,-100.648023,41,47,63,60,22,55,54,43,37,46
32.46996750120073,-100.6660414,41,47,63,60,22,55,54,43,37,46
32.497782664262346,-100.59673,63,64,74,65,20,58,64,55,44,54
32.579691151090735,-100.6925106,41,47,63,60,22,55,54,43,37,46
32.43793590009295,-100.3511365,63,64,74,65,20,58,64,55,44,54
32.44510445079097,-100.7459571,41,47,63,60,22,55,54,43,37,46
32.28587325137181,-100.49521,63,64,74,65,20,58,64,55,44,54
32.24195914754921,-100.4876474,63,64,74,65,20,58,64,55,44,54
32.64807285689325,-101.3957598,41,47,63,60,22,55,54,43,37,46
31.15275608555041,-102.2227012,24,27,55,44,16,34,47,24,35,42
31.98255180285051,-101.1358765,34,37,55,51,13,40,47,34,37,43
31.95667215101384,-101.3017481,34,37,55,51,13,40,47,34,37,43
31.76604600767221,-101.531499,34,37,55,51,13,40,47,34,37,43
32.72112505245586,-101.632967,41,47,63,60,22,55,54,43,37,46
32.10021274,-101.4522851,41,47,63,60,22,55,54,43,37,46
34.316785590860015,-101.2407879,51,52,62,56,22,54,50,49,33,38
34.392507650464744,-101.314887,51,52,62,56,22,54,50,49,33,38
31.769594501967507,-101.520607,34,37,55,51,13,40,47,34,37,43
32.12403435150882,-101.3960897,41,47,63,60,22,55,54,43,37,46
31.839922226186825,-102.3162443,24,27,55,44,16,34,47,24,35,42
32.16639650701699,-101.8814852,29,31,54,43,14,44,50,26,38,39
32.6506667,-101.3961173,41,47,63,60,22,55,54,43,37,46
30.994456950688782,-102.2914862,20,21,55,46,13,38,49,25,30,45
32.03737916392306,-102.2462565,24,27,55,44,16,34,47,24,35,42
31.85823343741917,-102.2159438,24,27,55,44,16,34,47,24,35,42
31.81357457926689,-102.4961397,24,27,55,44,16,34,47,24,35,42
30.948228839418608,-103.3617575,5,14,42,27,11,15,43,11,23,33
